"Status","Start Time","Stop Time","Duration in ms","Parent Suite","Suite","Sub Suite","Test Class","Test Method","Name","Description"
"passed","Sun Jun 26 09:47:34 CST 2022","Sun Jun 26 09:49:23 CST 2022","108260","","test_gzAndroidAuto","TestAddDevices","","","C6SP基站绑定解绑",""
"passed","Sun Jun 26 05:33:56 CST 2022","Sun Jun 26 05:35:44 CST 2022","108446","","test_gzAndroidAuto","TestAddDevices","","","C6SP基站绑定解绑",""
"passed","Sun Jun 26 03:00:20 CST 2022","Sun Jun 26 03:02:25 CST 2022","125094","","test_gzAndroidAuto","TestAddDevices","","","C6SP基站绑定解绑",""
"passed","Sun Jun 26 08:54:16 CST 2022","Sun Jun 26 08:56:04 CST 2022","107697","","test_gzAndroidAuto","TestAddDevices","","","C6SP基站绑定解绑",""
"passed","Sun Jun 26 01:10:02 CST 2022","Sun Jun 26 01:11:50 CST 2022","108050","","test_gzAndroidAuto","TestAddDevices","","","C6SP基站绑定解绑",""
"passed","Sun Jun 26 03:19:32 CST 2022","Sun Jun 26 03:21:21 CST 2022","109868","","test_gzAndroidAuto","TestAddDevices","","","C6SP基站绑定解绑",""
"passed","Sat Jun 25 22:30:04 CST 2022","Sat Jun 25 22:31:53 CST 2022","109467","","test_gzAndroidAuto","TestAddDevices","","","C6SP基站绑定解绑",""
"passed","Sat Jun 25 19:40:05 CST 2022","Sat Jun 25 19:41:51 CST 2022","106447","","test_gzAndroidAuto","TestAddDevices","","","C6SP基站绑定解绑",""
"passed","Sun Jun 26 09:43:33 CST 2022","Sun Jun 26 09:45:37 CST 2022","123834","","test_gzAndroidAuto","TestAddDevices","","","C6SP基站绑定解绑",""
"passed","Sun Jun 26 06:04:05 CST 2022","Sun Jun 26 06:05:53 CST 2022","107667","","test_gzAndroidAuto","TestAddDevices","","","C6SP基站绑定解绑",""
"passed","Sun Jun 26 03:08:09 CST 2022","Sun Jun 26 03:09:59 CST 2022","110081","","test_gzAndroidAuto","TestAddDevices","","","C6SP基站绑定解绑",""
"passed","Sat Jun 25 18:49:29 CST 2022","Sat Jun 25 18:51:14 CST 2022","104860","","test_gzAndroidAuto","TestAddDevices","","","C6SP基站绑定解绑",""
"passed","Sun Jun 26 06:43:46 CST 2022","Sun Jun 26 06:45:34 CST 2022","108445","","test_gzAndroidAuto","TestAddDevices","","","C6SP基站绑定解绑",""
"passed","Sun Jun 26 03:04:23 CST 2022","Sun Jun 26 03:06:12 CST 2022","108264","","test_gzAndroidAuto","TestAddDevices","","","C6SP基站绑定解绑",""
"passed","Sun Jun 26 08:48:30 CST 2022","Sun Jun 26 08:50:19 CST 2022","109458","","test_gzAndroidAuto","TestAddDevices","","","C6SP基站绑定解绑",""
"passed","Sun Jun 26 10:17:55 CST 2022","Sun Jun 26 10:19:44 CST 2022","108890","","test_gzAndroidAuto","TestAddDevices","","","C6SP基站绑定解绑",""
"passed","Sun Jun 26 08:23:53 CST 2022","Sun Jun 26 08:25:41 CST 2022","107635","","test_gzAndroidAuto","TestAddDevices","","","C6SP基站绑定解绑",""
"passed","Sun Jun 26 06:36:12 CST 2022","Sun Jun 26 06:38:03 CST 2022","110737","","test_gzAndroidAuto","TestAddDevices","","","C6SP基站绑定解绑",""
"passed","Sat Jun 25 20:36:39 CST 2022","Sat Jun 25 20:38:28 CST 2022","109256","","test_gzAndroidAuto","TestAddDevices","","","C6SP基站绑定解绑",""
"passed","Sat Jun 25 23:34:03 CST 2022","Sat Jun 25 23:35:49 CST 2022","106000","","test_gzAndroidAuto","TestAddDevices","","","C6SP基站绑定解绑",""
"passed","Sat Jun 25 23:07:42 CST 2022","Sat Jun 25 23:09:29 CST 2022","107119","","test_gzAndroidAuto","TestAddDevices","","","C6SP基站绑定解绑",""
"passed","Sun Jun 26 04:16:14 CST 2022","Sun Jun 26 04:18:02 CST 2022","108155","","test_gzAndroidAuto","TestAddDevices","","","C6SP基站绑定解绑",""
"passed","Sun Jun 26 04:35:21 CST 2022","Sun Jun 26 04:37:08 CST 2022","107160","","test_gzAndroidAuto","TestAddDevices","","","C6SP基站绑定解绑",""
"passed","Sat Jun 25 18:32:50 CST 2022","Sat Jun 25 18:34:38 CST 2022","107551","","test_gzAndroidAuto","TestAddDevices","","","C6SP基站绑定解绑",""
"passed","Sat Jun 25 22:37:37 CST 2022","Sat Jun 25 22:39:24 CST 2022","106779","","test_gzAndroidAuto","TestAddDevices","","","C6SP基站绑定解绑",""
"passed","Sun Jun 26 08:50:24 CST 2022","Sun Jun 26 08:52:14 CST 2022","109890","","test_gzAndroidAuto","TestAddDevices","","","C6SP基站绑定解绑",""
"passed","Sun Jun 26 03:47:42 CST 2022","Sun Jun 26 03:49:32 CST 2022","109751","","test_gzAndroidAuto","TestAddDevices","","","C6SP基站绑定解绑",""
"passed","Sun Jun 26 03:42:04 CST 2022","Sun Jun 26 03:43:51 CST 2022","107262","","test_gzAndroidAuto","TestAddDevices","","","C6SP基站绑定解绑",""
"passed","Sat Jun 25 23:56:29 CST 2022","Sat Jun 25 23:58:17 CST 2022","108016","","test_gzAndroidAuto","TestAddDevices","","","C6SP基站绑定解绑",""
"passed","Sat Jun 25 19:41:56 CST 2022","Sat Jun 25 19:43:55 CST 2022","118663","","test_gzAndroidAuto","TestAddDevices","","","C6SP基站绑定解绑",""
"passed","Sun Jun 26 00:17:06 CST 2022","Sun Jun 26 00:18:52 CST 2022","106338","","test_gzAndroidAuto","TestAddDevices","","","C6SP基站绑定解绑",""
"passed","Sun Jun 26 06:38:07 CST 2022","Sun Jun 26 06:39:55 CST 2022","107981","","test_gzAndroidAuto","TestAddDevices","","","C6SP基站绑定解绑",""
"passed","Sun Jun 26 06:11:37 CST 2022","Sun Jun 26 06:13:25 CST 2022","107373","","test_gzAndroidAuto","TestAddDevices","","","C6SP基站绑定解绑",""
"passed","Sun Jun 26 06:41:53 CST 2022","Sun Jun 26 06:43:41 CST 2022","108436","","test_gzAndroidAuto","TestAddDevices","","","C6SP基站绑定解绑",""
"passed","Sat Jun 25 20:40:24 CST 2022","Sat Jun 25 20:42:13 CST 2022","108729","","test_gzAndroidAuto","TestAddDevices","","","C6SP基站绑定解绑",""
"passed","Sat Jun 25 23:20:51 CST 2022","Sat Jun 25 23:22:37 CST 2022","106493","","test_gzAndroidAuto","TestAddDevices","","","C6SP基站绑定解绑",""
"passed","Sun Jun 26 06:21:02 CST 2022","Sun Jun 26 06:22:49 CST 2022","106761","","test_gzAndroidAuto","TestAddDevices","","","C6SP基站绑定解绑",""
"passed","Sun Jun 26 03:40:11 CST 2022","Sun Jun 26 03:41:59 CST 2022","107559","","test_gzAndroidAuto","TestAddDevices","","","C6SP基站绑定解绑",""
"passed","Sat Jun 25 20:46:01 CST 2022","Sat Jun 25 20:47:48 CST 2022","106794","","test_gzAndroidAuto","TestAddDevices","","","C6SP基站绑定解绑",""
"passed","Sun Jun 26 09:36:01 CST 2022","Sun Jun 26 09:37:50 CST 2022","108453","","test_gzAndroidAuto","TestAddDevices","","","C6SP基站绑定解绑",""
"passed","Sun Jun 26 02:39:19 CST 2022","Sun Jun 26 02:41:09 CST 2022","109311","","test_gzAndroidAuto","TestAddDevices","","","C6SP基站绑定解绑",""
"passed","Sat Jun 25 19:47:43 CST 2022","Sat Jun 25 19:49:30 CST 2022","107134","","test_gzAndroidAuto","TestAddDevices","","","C6SP基站绑定解绑",""
"passed","Sat Jun 25 20:25:20 CST 2022","Sat Jun 25 20:27:10 CST 2022","109903","","test_gzAndroidAuto","TestAddDevices","","","C6SP基站绑定解绑",""
"passed","Sat Jun 25 23:22:42 CST 2022","Sat Jun 25 23:24:29 CST 2022","106757","","test_gzAndroidAuto","TestAddDevices","","","C6SP基站绑定解绑",""
"passed","Sat Jun 25 21:12:41 CST 2022","Sat Jun 25 21:14:29 CST 2022","107921","","test_gzAndroidAuto","TestAddDevices","","","C6SP基站绑定解绑",""
"passed","Sat Jun 25 21:57:59 CST 2022","Sat Jun 25 21:59:53 CST 2022","113844","","test_gzAndroidAuto","TestAddDevices","","","C6SP基站绑定解绑",""
"passed","Sun Jun 26 00:41:44 CST 2022","Sun Jun 26 00:43:32 CST 2022","108494","","test_gzAndroidAuto","TestAddDevices","","","C6SP基站绑定解绑",""
"passed","Sun Jun 26 05:58:26 CST 2022","Sun Jun 26 06:00:15 CST 2022","108930","","test_gzAndroidAuto","TestAddDevices","","","C6SP基站绑定解绑",""
"passed","Sun Jun 26 07:04:33 CST 2022","Sun Jun 26 07:06:20 CST 2022","107246","","test_gzAndroidAuto","TestAddDevices","","","C6SP基站绑定解绑",""
"passed","Sat Jun 25 19:04:23 CST 2022","Sat Jun 25 19:06:11 CST 2022","107234","","test_gzAndroidAuto","TestAddDevices","","","C6SP基站绑定解绑",""
"passed","Sat Jun 25 21:59:58 CST 2022","Sat Jun 25 22:01:47 CST 2022","109569","","test_gzAndroidAuto","TestAddDevices","","","C6SP基站绑定解绑",""
"passed","Sun Jun 26 04:04:54 CST 2022","Sun Jun 26 04:06:42 CST 2022","108073","","test_gzAndroidAuto","TestAddDevices","","","C6SP基站绑定解绑",""
"passed","Sat Jun 25 21:27:41 CST 2022","Sat Jun 25 21:29:30 CST 2022","108913","","test_gzAndroidAuto","TestAddDevices","","","C6SP基站绑定解绑",""
"passed","Sun Jun 26 07:36:43 CST 2022","Sun Jun 26 07:38:32 CST 2022","109746","","test_gzAndroidAuto","TestAddDevices","","","C6SP基站绑定解绑",""
"passed","Sun Jun 26 08:52:18 CST 2022","Sun Jun 26 08:54:11 CST 2022","112839","","test_gzAndroidAuto","TestAddDevices","","","C6SP基站绑定解绑",""
"passed","Sat Jun 25 23:11:27 CST 2022","Sat Jun 25 23:13:14 CST 2022","107081","","test_gzAndroidAuto","TestAddDevices","","","C6SP基站绑定解绑",""
"passed","Sat Jun 25 20:27:15 CST 2022","Sat Jun 25 20:29:02 CST 2022","107322","","test_gzAndroidAuto","TestAddDevices","","","C6SP基站绑定解绑",""
"passed","Sun Jun 26 08:37:01 CST 2022","Sun Jun 26 08:38:51 CST 2022","110069","","test_gzAndroidAuto","TestAddDevices","","","C6SP基站绑定解绑",""
"passed","Sat Jun 25 18:44:02 CST 2022","Sat Jun 25 18:45:47 CST 2022","105396","","test_gzAndroidAuto","TestAddDevices","","","C6SP基站绑定解绑",""
"passed","Sun Jun 26 07:29:11 CST 2022","Sun Jun 26 07:30:59 CST 2022","107436","","test_gzAndroidAuto","TestAddDevices","","","C6SP基站绑定解绑",""
"passed","Sat Jun 25 19:43:59 CST 2022","Sat Jun 25 19:45:46 CST 2022","106463","","test_gzAndroidAuto","TestAddDevices","","","C6SP基站绑定解绑",""
"passed","Sat Jun 25 23:35:54 CST 2022","Sat Jun 25 23:37:41 CST 2022","107360","","test_gzAndroidAuto","TestAddDevices","","","C6SP基站绑定解绑",""
"passed","Sat Jun 25 19:06:15 CST 2022","Sat Jun 25 19:08:02 CST 2022","106783","","test_gzAndroidAuto","TestAddDevices","","","C6SP基站绑定解绑",""
"passed","Sun Jun 26 01:44:23 CST 2022","Sun Jun 26 01:46:11 CST 2022","108127","","test_gzAndroidAuto","TestAddDevices","","","C6SP基站绑定解绑",""
"passed","Sat Jun 25 21:18:17 CST 2022","Sat Jun 25 21:20:05 CST 2022","107667","","test_gzAndroidAuto","TestAddDevices","","","C6SP基站绑定解绑",""
"passed","Sun Jun 26 06:15:25 CST 2022","Sun Jun 26 06:17:12 CST 2022","107384","","test_gzAndroidAuto","TestAddDevices","","","C6SP基站绑定解绑",""
"passed","Sun Jun 26 07:23:29 CST 2022","Sun Jun 26 07:25:17 CST 2022","107254","","test_gzAndroidAuto","TestAddDevices","","","C6SP基站绑定解绑",""
"passed","Sat Jun 25 18:42:14 CST 2022","Sat Jun 25 18:43:57 CST 2022","103095","","test_gzAndroidAuto","TestAddDevices","","","C6SP基站绑定解绑",""
"passed","Sun Jun 26 05:43:24 CST 2022","Sun Jun 26 05:45:13 CST 2022","109124","","test_gzAndroidAuto","TestAddDevices","","","C6SP基站绑定解绑",""
"passed","Sun Jun 26 03:23:19 CST 2022","Sun Jun 26 03:25:09 CST 2022","110150","","test_gzAndroidAuto","TestAddDevices","","","C6SP基站绑定解绑",""
"passed","Sun Jun 26 01:27:23 CST 2022","Sun Jun 26 01:29:10 CST 2022","106977","","test_gzAndroidAuto","TestAddDevices","","","C6SP基站绑定解绑",""
"passed","Sun Jun 26 05:54:42 CST 2022","Sun Jun 26 05:56:30 CST 2022","108148","","test_gzAndroidAuto","TestAddDevices","","","C6SP基站绑定解绑",""
"passed","Sun Jun 26 08:31:21 CST 2022","Sun Jun 26 08:33:09 CST 2022","107446","","test_gzAndroidAuto","TestAddDevices","","","C6SP基站绑定解绑",""
"passed","Sun Jun 26 03:28:58 CST 2022","Sun Jun 26 03:30:46 CST 2022","107652","","test_gzAndroidAuto","TestAddDevices","","","C6SP基站绑定解绑",""
"passed","Sun Jun 26 02:26:02 CST 2022","Sun Jun 26 02:27:50 CST 2022","107752","","test_gzAndroidAuto","TestAddDevices","","","C6SP基站绑定解绑",""
"passed","Sun Jun 26 08:59:54 CST 2022","Sun Jun 26 09:01:42 CST 2022","107877","","test_gzAndroidAuto","TestAddDevices","","","C6SP基站绑定解绑",""
"passed","Sun Jun 26 07:25:21 CST 2022","Sun Jun 26 07:27:11 CST 2022","109871","","test_gzAndroidAuto","TestAddDevices","","","C6SP基站绑定解绑",""
"passed","Sun Jun 26 09:30:20 CST 2022","Sun Jun 26 09:32:09 CST 2022","108902","","test_gzAndroidAuto","TestAddDevices","","","C6SP基站绑定解绑",""
"passed","Sat Jun 25 20:44:09 CST 2022","Sat Jun 25 20:45:57 CST 2022","107904","","test_gzAndroidAuto","TestAddDevices","","","C6SP基站绑定解绑",""
"passed","Sat Jun 25 18:36:34 CST 2022","Sat Jun 25 18:38:26 CST 2022","112382","","test_gzAndroidAuto","TestAddDevices","","","C6SP基站绑定解绑",""
"passed","Sun Jun 26 08:29:29 CST 2022","Sun Jun 26 08:31:17 CST 2022","107423","","test_gzAndroidAuto","TestAddDevices","","","C6SP基站绑定解绑",""
"passed","Sat Jun 25 21:01:01 CST 2022","Sat Jun 25 21:02:48 CST 2022","106544","","test_gzAndroidAuto","TestAddDevices","","","C6SP基站绑定解绑",""
"passed","Sun Jun 26 10:06:31 CST 2022","Sun Jun 26 10:08:19 CST 2022","108116","","test_gzAndroidAuto","TestAddDevices","","","C6SP基站绑定解绑",""
"passed","Sun Jun 26 07:14:01 CST 2022","Sun Jun 26 07:15:51 CST 2022","110785","","test_gzAndroidAuto","TestAddDevices","","","C6SP基站绑定解绑",""
"passed","Sat Jun 25 18:51:19 CST 2022","Sat Jun 25 18:53:07 CST 2022","108004","","test_gzAndroidAuto","TestAddDevices","","","C6SP基站绑定解绑",""
"passed","Sat Jun 25 23:03:50 CST 2022","Sat Jun 25 23:05:40 CST 2022","109838","","test_gzAndroidAuto","TestAddDevices","","","C6SP基站绑定解绑",""
"passed","Sat Jun 25 21:40:55 CST 2022","Sat Jun 25 21:42:43 CST 2022","107875","","test_gzAndroidAuto","TestAddDevices","","","C6SP基站绑定解绑",""
"passed","Sun Jun 26 07:27:16 CST 2022","Sun Jun 26 07:29:06 CST 2022","110282","","test_gzAndroidAuto","TestAddDevices","","","C6SP基站绑定解绑",""
"passed","Sun Jun 26 07:12:07 CST 2022","Sun Jun 26 07:13:56 CST 2022","108260","","test_gzAndroidAuto","TestAddDevices","","","C6SP基站绑定解绑",""
"passed","Sun Jun 26 01:42:29 CST 2022","Sun Jun 26 01:44:18 CST 2022","109454","","test_gzAndroidAuto","TestAddDevices","","","C6SP基站绑定解绑",""
"passed","Sun Jun 26 01:50:08 CST 2022","Sun Jun 26 01:51:58 CST 2022","110432","","test_gzAndroidAuto","TestAddDevices","","","C6SP基站绑定解绑",""
"passed","Sun Jun 26 06:32:24 CST 2022","Sun Jun 26 06:34:14 CST 2022","110268","","test_gzAndroidAuto","TestAddDevices","","","C6SP基站绑定解绑",""
"passed","Sun Jun 26 08:22:01 CST 2022","Sun Jun 26 08:23:48 CST 2022","107703","","test_gzAndroidAuto","TestAddDevices","","","C6SP基站绑定解绑",""
"passed","Sun Jun 26 06:24:47 CST 2022","Sun Jun 26 06:26:35 CST 2022","108495","","test_gzAndroidAuto","TestAddDevices","","","C6SP基站绑定解绑",""
"passed","Sun Jun 26 10:00:44 CST 2022","Sun Jun 26 10:02:41 CST 2022","117519","","test_gzAndroidAuto","TestAddDevices","","","C6SP基站绑定解绑",""
"passed","Sat Jun 25 21:23:55 CST 2022","Sat Jun 25 21:25:42 CST 2022","107693","","test_gzAndroidAuto","TestAddDevices","","","C6SP基站绑定解绑",""
"passed","Sat Jun 25 22:48:50 CST 2022","Sat Jun 25 22:50:38 CST 2022","107744","","test_gzAndroidAuto","TestAddDevices","","","C6SP基站绑定解绑",""
"passed","Sun Jun 26 05:24:33 CST 2022","Sun Jun 26 05:26:21 CST 2022","107949","","test_gzAndroidAuto","TestAddDevices","","","C6SP基站绑定解绑",""
"passed","Sun Jun 26 08:44:44 CST 2022","Sun Jun 26 08:46:32 CST 2022","108029","","test_gzAndroidAuto","TestAddDevices","","","C6SP基站绑定解绑",""
"passed","Sun Jun 26 02:58:28 CST 2022","Sun Jun 26 03:00:16 CST 2022","107136","","test_gzAndroidAuto","TestAddDevices","","","C6SP基站绑定解绑",""
"passed","Sat Jun 25 20:31:01 CST 2022","Sat Jun 25 20:32:49 CST 2022","107817","","test_gzAndroidAuto","TestAddDevices","","","C6SP基站绑定解绑",""
"passed","Sat Jun 25 19:17:29 CST 2022","Sat Jun 25 19:19:17 CST 2022","107699","","test_gzAndroidAuto","TestAddDevices","","","C6SP基站绑定解绑",""
"passed","Sat Jun 25 22:31:58 CST 2022","Sat Jun 25 22:33:47 CST 2022","109138","","test_gzAndroidAuto","TestAddDevices","","","C6SP基站绑定解绑",""
"passed","Sun Jun 26 00:26:29 CST 2022","Sun Jun 26 00:28:17 CST 2022","108314","","test_gzAndroidAuto","TestAddDevices","","","C6SP基站绑定解绑",""
"passed","Sat Jun 25 21:06:39 CST 2022","Sat Jun 25 21:08:29 CST 2022","109403","","test_gzAndroidAuto","TestAddDevices","","","C6SP基站绑定解绑",""
"passed","Sat Jun 25 20:14:03 CST 2022","Sat Jun 25 20:15:50 CST 2022","107237","","test_gzAndroidAuto","TestAddDevices","","","C6SP基站绑定解绑",""
"passed","Sat Jun 25 23:45:16 CST 2022","Sat Jun 25 23:47:02 CST 2022","106425","","test_gzAndroidAuto","TestAddDevices","","","C6SP基站绑定解绑",""
"passed","Sun Jun 26 02:48:59 CST 2022","Sun Jun 26 02:50:46 CST 2022","107050","","test_gzAndroidAuto","TestAddDevices","","","C6SP基站绑定解绑",""
"passed","Sun Jun 26 07:02:37 CST 2022","Sun Jun 26 07:04:28 CST 2022","110959","","test_gzAndroidAuto","TestAddDevices","","","C6SP基站绑定解绑",""
"passed","Sun Jun 26 06:00:20 CST 2022","Sun Jun 26 06:02:08 CST 2022","107903","","test_gzAndroidAuto","TestAddDevices","","","C6SP基站绑定解绑",""
"passed","Sun Jun 26 02:43:07 CST 2022","Sun Jun 26 02:44:56 CST 2022","109437","","test_gzAndroidAuto","TestAddDevices","","","C6SP基站绑定解绑",""
"passed","Sat Jun 25 19:15:34 CST 2022","Sat Jun 25 19:17:25 CST 2022","110333","","test_gzAndroidAuto","TestAddDevices","","","C6SP基站绑定解绑",""
"passed","Sat Jun 25 22:16:56 CST 2022","Sat Jun 25 22:18:43 CST 2022","107387","","test_gzAndroidAuto","TestAddDevices","","","C6SP基站绑定解绑",""
"passed","Sun Jun 26 09:09:19 CST 2022","Sun Jun 26 09:11:18 CST 2022","118444","","test_gzAndroidAuto","TestAddDevices","","","C6SP基站绑定解绑",""
"passed","Sun Jun 26 02:47:01 CST 2022","Sun Jun 26 02:48:55 CST 2022","113641","","test_gzAndroidAuto","TestAddDevices","","","C6SP基站绑定解绑",""
"passed","Sat Jun 25 20:06:32 CST 2022","Sat Jun 25 20:08:21 CST 2022","109011","","test_gzAndroidAuto","TestAddDevices","","","C6SP基站绑定解绑",""
"passed","Sat Jun 25 22:11:18 CST 2022","Sat Jun 25 22:13:07 CST 2022","108304","","test_gzAndroidAuto","TestAddDevices","","","C6SP基站绑定解绑",""
"passed","Sat Jun 25 23:41:31 CST 2022","Sat Jun 25 23:43:19 CST 2022","107681","","test_gzAndroidAuto","TestAddDevices","","","C6SP基站绑定解绑",""
"passed","Sun Jun 26 02:45:01 CST 2022","Sun Jun 26 02:46:56 CST 2022","115388","","test_gzAndroidAuto","TestAddDevices","","","C6SP基站绑定解绑",""
"passed","Sun Jun 26 01:21:42 CST 2022","Sun Jun 26 01:23:30 CST 2022","107748","","test_gzAndroidAuto","TestAddDevices","","","C6SP基站绑定解绑",""
"passed","Sun Jun 26 03:55:17 CST 2022","Sun Jun 26 03:57:07 CST 2022","110206","","test_gzAndroidAuto","TestAddDevices","","","C6SP基站绑定解绑",""
"passed","Sun Jun 26 00:22:44 CST 2022","Sun Jun 26 00:24:32 CST 2022","107909","","test_gzAndroidAuto","TestAddDevices","","","C6SP基站绑定解绑",""
"passed","Sat Jun 25 23:52:45 CST 2022","Sat Jun 25 23:54:32 CST 2022","106634","","test_gzAndroidAuto","TestAddDevices","","","C6SP基站绑定解绑",""
"broken","Sun Jun 26 00:32:13 CST 2022","Sun Jun 26 00:38:56 CST 2022","402661","","test_gzAndroidAuto","TestAddDevices","","","C6SP基站绑定解绑",""
"passed","Sun Jun 26 04:37:13 CST 2022","Sun Jun 26 04:39:01 CST 2022","107838","","test_gzAndroidAuto","TestAddDevices","","","C6SP基站绑定解绑",""
"passed","Sat Jun 25 23:39:38 CST 2022","Sat Jun 25 23:41:26 CST 2022","107882","","test_gzAndroidAuto","TestAddDevices","","","C6SP基站绑定解绑",""
"passed","Sun Jun 26 02:50:51 CST 2022","Sun Jun 26 02:52:39 CST 2022","108227","","test_gzAndroidAuto","TestAddDevices","","","C6SP基站绑定解绑",""
"passed","Sat Jun 25 23:00:05 CST 2022","Sat Jun 25 23:01:53 CST 2022","107769","","test_gzAndroidAuto","TestAddDevices","","","C6SP基站绑定解绑",""
"passed","Sat Jun 25 22:58:12 CST 2022","Sat Jun 25 23:00:00 CST 2022","108111","","test_gzAndroidAuto","TestAddDevices","","","C6SP基站绑定解绑",""
"passed","Sun Jun 26 03:38:20 CST 2022","Sun Jun 26 03:40:07 CST 2022","106812","","test_gzAndroidAuto","TestAddDevices","","","C6SP基站绑定解绑",""
"passed","Sat Jun 25 22:39:29 CST 2022","Sat Jun 25 22:41:17 CST 2022","108249","","test_gzAndroidAuto","TestAddDevices","","","C6SP基站绑定解绑",""
"passed","Sun Jun 26 08:05:07 CST 2022","Sun Jun 26 08:06:55 CST 2022","107915","","test_gzAndroidAuto","TestAddDevices","","","C6SP基站绑定解绑",""
"passed","Sat Jun 25 19:45:51 CST 2022","Sat Jun 25 19:47:38 CST 2022","107624","","test_gzAndroidAuto","TestAddDevices","","","C6SP基站绑定解绑",""
"passed","Sun Jun 26 09:01:46 CST 2022","Sun Jun 26 09:03:34 CST 2022","107644","","test_gzAndroidAuto","TestAddDevices","","","C6SP基站绑定解绑",""
"passed","Sat Jun 25 22:03:45 CST 2022","Sat Jun 25 22:05:32 CST 2022","107126","","test_gzAndroidAuto","TestAddDevices","","","C6SP基站绑定解绑",""
"passed","Sun Jun 26 04:23:51 CST 2022","Sun Jun 26 04:25:48 CST 2022","116898","","test_gzAndroidAuto","TestAddDevices","","","C6SP基站绑定解绑",""
"passed","Sun Jun 26 09:28:26 CST 2022","Sun Jun 26 09:30:16 CST 2022","109969","","test_gzAndroidAuto","TestAddDevices","","","C6SP基站绑定解绑",""
"passed","Sat Jun 25 18:55:03 CST 2022","Sat Jun 25 18:56:51 CST 2022","107672","","test_gzAndroidAuto","TestAddDevices","","","C6SP基站绑定解绑",""
"passed","Sun Jun 26 03:36:27 CST 2022","Sun Jun 26 03:38:15 CST 2022","107504","","test_gzAndroidAuto","TestAddDevices","","","C6SP基站绑定解绑",""
"passed","Sat Jun 25 18:25:10 CST 2022","Sat Jun 25 18:26:58 CST 2022","108109","","test_gzAndroidAuto","TestAddDevices","","","C6SP基站绑定解绑",""
"broken","Sun Jun 26 00:03:59 CST 2022","Sun Jun 26 00:10:43 CST 2022","404117","","test_gzAndroidAuto","TestAddDevices","","","C6SP基站绑定解绑",""
"passed","Sun Jun 26 04:29:39 CST 2022","Sun Jun 26 04:31:29 CST 2022","110216","","test_gzAndroidAuto","TestAddDevices","","","C6SP基站绑定解绑",""
"passed","Sun Jun 26 05:01:45 CST 2022","Sun Jun 26 05:03:33 CST 2022","107934","","test_gzAndroidAuto","TestAddDevices","","","C6SP基站绑定解绑",""
"passed","Sun Jun 26 07:21:37 CST 2022","Sun Jun 26 07:23:25 CST 2022","108078","","test_gzAndroidAuto","TestAddDevices","","","C6SP基站绑定解绑",""
"passed","Sat Jun 25 19:32:34 CST 2022","Sat Jun 25 19:34:23 CST 2022","109103","","test_gzAndroidAuto","TestAddDevices","","","C6SP基站绑定解绑",""
"passed","Sun Jun 26 09:24:37 CST 2022","Sun Jun 26 09:26:25 CST 2022","108364","","test_gzAndroidAuto","TestAddDevices","","","C6SP基站绑定解绑",""
"passed","Sat Jun 25 21:16:26 CST 2022","Sat Jun 25 21:18:13 CST 2022","106966","","test_gzAndroidAuto","TestAddDevices","","","C6SP基站绑定解绑",""
"passed","Sun Jun 26 07:55:38 CST 2022","Sun Jun 26 07:57:26 CST 2022","108381","","test_gzAndroidAuto","TestAddDevices","","","C6SP基站绑定解绑",""
"passed","Sat Jun 25 19:26:54 CST 2022","Sat Jun 25 19:28:42 CST 2022","107692","","test_gzAndroidAuto","TestAddDevices","","","C6SP基站绑定解绑",""
"passed","Sun Jun 26 07:46:11 CST 2022","Sun Jun 26 07:47:58 CST 2022","107560","","test_gzAndroidAuto","TestAddDevices","","","C6SP基站绑定解绑",""
"passed","Sat Jun 25 21:29:34 CST 2022","Sat Jun 25 21:31:25 CST 2022","110176","","test_gzAndroidAuto","TestAddDevices","","","C6SP基站绑定解绑",""
"passed","Sat Jun 25 21:37:08 CST 2022","Sat Jun 25 21:38:57 CST 2022","108200","","test_gzAndroidAuto","TestAddDevices","","","C6SP基站绑定解绑",""
"passed","Sun Jun 26 03:49:37 CST 2022","Sun Jun 26 03:51:24 CST 2022","107128","","test_gzAndroidAuto","TestAddDevices","","","C6SP基站绑定解绑",""
"passed","Sat Jun 25 19:30:39 CST 2022","Sat Jun 25 19:32:29 CST 2022","110252","","test_gzAndroidAuto","TestAddDevices","","","C6SP基站绑定解绑",""
"passed","Sat Jun 25 19:49:35 CST 2022","Sat Jun 25 19:51:23 CST 2022","108223","","test_gzAndroidAuto","TestAddDevices","","","C6SP基站绑定解绑",""
"passed","Sun Jun 26 05:32:03 CST 2022","Sun Jun 26 05:33:51 CST 2022","107802","","test_gzAndroidAuto","TestAddDevices","","","C6SP基站绑定解绑",""
"passed","Sat Jun 25 18:56:55 CST 2022","Sat Jun 25 18:58:43 CST 2022","107628","","test_gzAndroidAuto","TestAddDevices","","","C6SP基站绑定解绑",""
"passed","Sun Jun 26 05:26:26 CST 2022","Sun Jun 26 05:28:14 CST 2022","107937","","test_gzAndroidAuto","TestAddDevices","","","C6SP基站绑定解绑",""
"passed","Sun Jun 26 02:05:16 CST 2022","Sun Jun 26 02:07:06 CST 2022","109602","","test_gzAndroidAuto","TestAddDevices","","","C6SP基站绑定解绑",""
"passed","Sun Jun 26 00:58:43 CST 2022","Sun Jun 26 01:00:32 CST 2022","108925","","test_gzAndroidAuto","TestAddDevices","","","C6SP基站绑定解绑",""
"passed","Sun Jun 26 02:54:39 CST 2022","Sun Jun 26 02:56:28 CST 2022","108940","","test_gzAndroidAuto","TestAddDevices","","","C6SP基站绑定解绑",""
"passed","Sat Jun 25 22:26:17 CST 2022","Sat Jun 25 22:28:06 CST 2022","109138","","test_gzAndroidAuto","TestAddDevices","","","C6SP基站绑定解绑",""
"passed","Sun Jun 26 02:24:10 CST 2022","Sun Jun 26 02:25:57 CST 2022","107928","","test_gzAndroidAuto","TestAddDevices","","","C6SP基站绑定解绑",""
"passed","Sat Jun 25 22:24:26 CST 2022","Sat Jun 25 22:26:12 CST 2022","106621","","test_gzAndroidAuto","TestAddDevices","","","C6SP基站绑定解绑",""
"passed","Sun Jun 26 08:14:31 CST 2022","Sun Jun 26 08:16:18 CST 2022","107186","","test_gzAndroidAuto","TestAddDevices","","","C6SP基站绑定解绑",""
"passed","Sat Jun 25 21:48:27 CST 2022","Sat Jun 25 21:50:15 CST 2022","107780","","test_gzAndroidAuto","TestAddDevices","","","C6SP基站绑定解绑",""
"passed","Sun Jun 26 10:16:01 CST 2022","Sun Jun 26 10:17:50 CST 2022","108682","","test_gzAndroidAuto","TestAddDevices","","","C6SP基站绑定解绑",""
"broken","Sun Jun 26 00:02:19 CST 2022","Sun Jun 26 00:03:14 CST 2022","55115","","test_gzAndroidAuto","TestAddDevices","","","C6SP基站绑定解绑",""
"passed","Sun Jun 26 05:50:57 CST 2022","Sun Jun 26 05:52:44 CST 2022","107406","","test_gzAndroidAuto","TestAddDevices","","","C6SP基站绑定解绑",""
"passed","Sun Jun 26 03:10:04 CST 2022","Sun Jun 26 03:11:52 CST 2022","108046","","test_gzAndroidAuto","TestAddDevices","","","C6SP基站绑定解绑",""
"passed","Sun Jun 26 06:19:09 CST 2022","Sun Jun 26 06:20:57 CST 2022","108012","","test_gzAndroidAuto","TestAddDevices","","","C6SP基站绑定解绑",""
"passed","Sat Jun 25 22:20:43 CST 2022","Sat Jun 25 22:22:28 CST 2022","105703","","test_gzAndroidAuto","TestAddDevices","","","C6SP基站绑定解绑",""
"passed","Sun Jun 26 02:35:26 CST 2022","Sun Jun 26 02:37:19 CST 2022","113499","","test_gzAndroidAuto","TestAddDevices","","","C6SP基站绑定解绑",""
"passed","Sat Jun 25 20:10:17 CST 2022","Sat Jun 25 20:12:07 CST 2022","109245","","test_gzAndroidAuto","TestAddDevices","","","C6SP基站绑定解绑",""
"passed","Sat Jun 25 20:08:26 CST 2022","Sat Jun 25 20:10:13 CST 2022","106833","","test_gzAndroidAuto","TestAddDevices","","","C6SP基站绑定解绑",""
"passed","Sat Jun 25 22:09:25 CST 2022","Sat Jun 25 22:11:14 CST 2022","108162","","test_gzAndroidAuto","TestAddDevices","","","C6SP基站绑定解绑",""
"passed","Sun Jun 26 01:31:09 CST 2022","Sun Jun 26 01:32:56 CST 2022","107026","","test_gzAndroidAuto","TestAddDevices","","","C6SP基站绑定解绑",""
"passed","Sun Jun 26 03:30:50 CST 2022","Sun Jun 26 03:32:38 CST 2022","107363","","test_gzAndroidAuto","TestAddDevices","","","C6SP基站绑定解绑",""
"passed","Sun Jun 26 08:35:06 CST 2022","Sun Jun 26 08:36:56 CST 2022","109509","","test_gzAndroidAuto","TestAddDevices","","","C6SP基站绑定解绑",""
"passed","Sat Jun 25 19:13:43 CST 2022","Sat Jun 25 19:15:29 CST 2022","106529","","test_gzAndroidAuto","TestAddDevices","","","C6SP基站绑定解绑",""
"passed","Sun Jun 26 06:53:13 CST 2022","Sun Jun 26 06:55:01 CST 2022","108526","","test_gzAndroidAuto","TestAddDevices","","","C6SP基站绑定解绑",""
"passed","Sun Jun 26 08:25:45 CST 2022","Sun Jun 26 08:27:32 CST 2022","106760","","test_gzAndroidAuto","TestAddDevices","","","C6SP基站绑定解绑",""
"passed","Sun Jun 26 07:38:37 CST 2022","Sun Jun 26 07:40:27 CST 2022","110041","","test_gzAndroidAuto","TestAddDevices","","","C6SP基站绑定解绑",""
"passed","Sat Jun 25 20:19:40 CST 2022","Sat Jun 25 20:21:29 CST 2022","109344","","test_gzAndroidAuto","TestAddDevices","","","C6SP基站绑定解绑",""
"passed","Sat Jun 25 18:58:48 CST 2022","Sat Jun 25 19:00:35 CST 2022","107263","","test_gzAndroidAuto","TestAddDevices","","","C6SP基站绑定解绑",""
"passed","Sun Jun 26 00:51:10 CST 2022","Sun Jun 26 00:53:01 CST 2022","110774","","test_gzAndroidAuto","TestAddDevices","","","C6SP基站绑定解绑",""
"passed","Sun Jun 26 07:42:26 CST 2022","Sun Jun 26 07:44:13 CST 2022","106684","","test_gzAndroidAuto","TestAddDevices","","","C6SP基站绑定解绑",""
"passed","Sat Jun 25 22:13:11 CST 2022","Sat Jun 25 22:14:58 CST 2022","106851","","test_gzAndroidAuto","TestAddDevices","","","C6SP基站绑定解绑",""
"passed","Sun Jun 26 04:08:42 CST 2022","Sun Jun 26 04:10:30 CST 2022","108024","","test_gzAndroidAuto","TestAddDevices","","","C6SP基站绑定解绑",""
"passed","Sun Jun 26 05:35:49 CST 2022","Sun Jun 26 05:37:39 CST 2022","109630","","test_gzAndroidAuto","TestAddDevices","","","C6SP基站绑定解绑",""
"passed","Sat Jun 25 19:55:13 CST 2022","Sat Jun 25 19:57:02 CST 2022","108874","","test_gzAndroidAuto","TestAddDevices","","","C6SP基站绑定解绑",""
"passed","Sun Jun 26 04:33:29 CST 2022","Sun Jun 26 04:35:17 CST 2022","107582","","test_gzAndroidAuto","TestAddDevices","","","C6SP基站绑定解绑",""
"passed","Sun Jun 26 00:43:37 CST 2022","Sun Jun 26 00:45:27 CST 2022","109773","","test_gzAndroidAuto","TestAddDevices","","","C6SP基站绑定解绑",""
"passed","Sun Jun 26 00:53:05 CST 2022","Sun Jun 26 00:54:53 CST 2022","107266","","test_gzAndroidAuto","TestAddDevices","","","C6SP基站绑定解绑",""
"passed","Sun Jun 26 06:45:39 CST 2022","Sun Jun 26 06:47:29 CST 2022","109959","","test_gzAndroidAuto","TestAddDevices","","","C6SP基站绑定解绑",""
"passed","Sun Jun 26 05:09:19 CST 2022","Sun Jun 26 05:11:17 CST 2022","118174","","test_gzAndroidAuto","TestAddDevices","","","C6SP基站绑定解绑",""
"passed","Sun Jun 26 03:15:41 CST 2022","Sun Jun 26 03:17:31 CST 2022","109976","","test_gzAndroidAuto","TestAddDevices","","","C6SP基站绑定解绑",""
"passed","Sun Jun 26 01:57:42 CST 2022","Sun Jun 26 01:59:33 CST 2022","110856","","test_gzAndroidAuto","TestAddDevices","","","C6SP基站绑定解绑",""
"passed","Sun Jun 26 01:46:16 CST 2022","Sun Jun 26 01:48:04 CST 2022","108452","","test_gzAndroidAuto","TestAddDevices","","","C6SP基站绑定解绑",""
"passed","Sun Jun 26 04:59:50 CST 2022","Sun Jun 26 05:01:40 CST 2022","109602","","test_gzAndroidAuto","TestAddDevices","","","C6SP基站绑定解绑",""
"passed","Sun Jun 26 10:02:46 CST 2022","Sun Jun 26 10:04:34 CST 2022","107929","","test_gzAndroidAuto","TestAddDevices","","","C6SP基站绑定解绑",""
"passed","Sun Jun 26 07:49:58 CST 2022","Sun Jun 26 07:51:46 CST 2022","107808","","test_gzAndroidAuto","TestAddDevices","","","C6SP基站绑定解绑",""
"passed","Sun Jun 26 06:26:40 CST 2022","Sun Jun 26 06:28:30 CST 2022","110031","","test_gzAndroidAuto","TestAddDevices","","","C6SP基站绑定解绑",""
"passed","Sat Jun 25 23:43:23 CST 2022","Sat Jun 25 23:45:11 CST 2022","107576","","test_gzAndroidAuto","TestAddDevices","","","C6SP基站绑定解绑",""
"passed","Sat Jun 25 22:35:44 CST 2022","Sat Jun 25 22:37:32 CST 2022","107947","","test_gzAndroidAuto","TestAddDevices","","","C6SP基站绑定解绑",""
"passed","Sun Jun 26 08:12:37 CST 2022","Sun Jun 26 08:14:26 CST 2022","108951","","test_gzAndroidAuto","TestAddDevices","","","C6SP基站绑定解绑",""
"passed","Sat Jun 25 23:05:45 CST 2022","Sat Jun 25 23:07:38 CST 2022","112778","","test_gzAndroidAuto","TestAddDevices","","","C6SP基站绑定解绑",""
"passed","Sat Jun 25 20:59:10 CST 2022","Sat Jun 25 21:00:56 CST 2022","106688","","test_gzAndroidAuto","TestAddDevices","","","C6SP基站绑定解绑",""
"passed","Sun Jun 26 09:37:54 CST 2022","Sun Jun 26 09:39:43 CST 2022","108505","","test_gzAndroidAuto","TestAddDevices","","","C6SP基站绑定解绑",""
"passed","Sun Jun 26 00:49:17 CST 2022","Sun Jun 26 00:51:05 CST 2022","107893","","test_gzAndroidAuto","TestAddDevices","","","C6SP基站绑定解绑",""
"passed","Sun Jun 26 00:15:10 CST 2022","Sun Jun 26 00:17:01 CST 2022","110592","","test_gzAndroidAuto","TestAddDevices","","","C6SP基站绑定解绑",""
"passed","Sun Jun 26 03:13:50 CST 2022","Sun Jun 26 03:15:37 CST 2022","106916","","test_gzAndroidAuto","TestAddDevices","","","C6SP基站绑定解绑",""
"passed","Sun Jun 26 05:56:35 CST 2022","Sun Jun 26 05:58:21 CST 2022","106933","","test_gzAndroidAuto","TestAddDevices","","","C6SP基站绑定解绑",""
"passed","Sun Jun 26 07:32:57 CST 2022","Sun Jun 26 07:34:45 CST 2022","107745","","test_gzAndroidAuto","TestAddDevices","","","C6SP基站绑定解绑",""
"passed","Sun Jun 26 05:39:35 CST 2022","Sun Jun 26 05:41:26 CST 2022","110389","","test_gzAndroidAuto","TestAddDevices","","","C6SP基站绑定解绑",""
"passed","Sat Jun 25 19:09:59 CST 2022","Sat Jun 25 19:11:46 CST 2022","106116","","test_gzAndroidAuto","TestAddDevices","","","C6SP基站绑定解绑",""
"passed","Sun Jun 26 06:58:53 CST 2022","Sun Jun 26 07:00:40 CST 2022","107847","","test_gzAndroidAuto","TestAddDevices","","","C6SP基站绑定解绑",""
"passed","Sun Jun 26 00:45:31 CST 2022","Sun Jun 26 00:47:20 CST 2022","108680","","test_gzAndroidAuto","TestAddDevices","","","C6SP基站绑定解绑",""
"passed","Sat Jun 25 19:36:21 CST 2022","Sat Jun 25 19:38:08 CST 2022","107530","","test_gzAndroidAuto","TestAddDevices","","","C6SP基站绑定解绑",""
"passed","Sun Jun 26 00:20:50 CST 2022","Sun Jun 26 00:22:39 CST 2022","108976","","test_gzAndroidAuto","TestAddDevices","","","C6SP基站绑定解绑",""
"passed","Sat Jun 25 23:37:46 CST 2022","Sat Jun 25 23:39:34 CST 2022","107625","","test_gzAndroidAuto","TestAddDevices","","","C6SP基站绑定解绑",""
"passed","Sat Jun 25 18:40:23 CST 2022","Sat Jun 25 18:42:09 CST 2022","106950","","test_gzAndroidAuto","TestAddDevices","","","C6SP基站绑定解绑",""
"passed","Sun Jun 26 03:57:12 CST 2022","Sun Jun 26 03:59:00 CST 2022","108191","","test_gzAndroidAuto","TestAddDevices","","","C6SP基站绑定解绑",""
"passed","Sat Jun 25 19:19:22 CST 2022","Sat Jun 25 19:21:10 CST 2022","107866","","test_gzAndroidAuto","TestAddDevices","","","C6SP基站绑定解绑",""
"passed","Sun Jun 26 00:13:16 CST 2022","Sun Jun 26 00:15:06 CST 2022","109176","","test_gzAndroidAuto","TestAddDevices","","","C6SP基站绑定解绑",""
"passed","Sat Jun 25 21:14:33 CST 2022","Sat Jun 25 21:16:21 CST 2022","107550","","test_gzAndroidAuto","TestAddDevices","","","C6SP基站绑定解绑",""
"passed","Sat Jun 25 19:38:13 CST 2022","Sat Jun 25 19:40:00 CST 2022","106801","","test_gzAndroidAuto","TestAddDevices","","","C6SP基站绑定解绑",""
"passed","Sun Jun 26 01:55:49 CST 2022","Sun Jun 26 01:57:37 CST 2022","108046","","test_gzAndroidAuto","TestAddDevices","","","C6SP基站绑定解绑",""
"passed","Sun Jun 26 01:02:30 CST 2022","Sun Jun 26 01:04:20 CST 2022","109832","","test_gzAndroidAuto","TestAddDevices","","","C6SP基站绑定解绑",""
"passed","Sat Jun 25 20:32:54 CST 2022","Sat Jun 25 20:34:42 CST 2022","107805","","test_gzAndroidAuto","TestAddDevices","","","C6SP基站绑定解绑",""
"passed","Sun Jun 26 09:20:49 CST 2022","Sun Jun 26 09:22:37 CST 2022","108189","","test_gzAndroidAuto","TestAddDevices","","","C6SP基站绑定解绑",""
"passed","Sat Jun 25 21:25:47 CST 2022","Sat Jun 25 21:27:36 CST 2022","109230","","test_gzAndroidAuto","TestAddDevices","","","C6SP基站绑定解绑",""
"passed","Sun Jun 26 09:58:51 CST 2022","Sun Jun 26 10:00:39 CST 2022","108066","","test_gzAndroidAuto","TestAddDevices","","","C6SP基站绑定解绑",""
"passed","Sat Jun 25 23:09:34 CST 2022","Sat Jun 25 23:11:23 CST 2022","108513","","test_gzAndroidAuto","TestAddDevices","","","C6SP基站绑定解绑",""
"passed","Sun Jun 26 04:50:21 CST 2022","Sun Jun 26 04:52:09 CST 2022","107878","","test_gzAndroidAuto","TestAddDevices","","","C6SP基站绑定解绑",""
"passed","Sun Jun 26 04:01:05 CST 2022","Sun Jun 26 04:02:53 CST 2022","108358","","test_gzAndroidAuto","TestAddDevices","","","C6SP基站绑定解绑",""
"passed","Sun Jun 26 05:15:11 CST 2022","Sun Jun 26 05:16:58 CST 2022","106953","","test_gzAndroidAuto","TestAddDevices","","","C6SP基站绑定解绑",""
"passed","Sat Jun 25 21:39:01 CST 2022","Sat Jun 25 21:40:50 CST 2022","109061","","test_gzAndroidAuto","TestAddDevices","","","C6SP基站绑定解绑",""
"passed","Sun Jun 26 09:05:33 CST 2022","Sun Jun 26 09:07:21 CST 2022","108230","","test_gzAndroidAuto","TestAddDevices","","","C6SP基站绑定解绑",""
"passed","Sun Jun 26 03:11:57 CST 2022","Sun Jun 26 03:13:45 CST 2022","108055","","test_gzAndroidAuto","TestAddDevices","","","C6SP基站绑定解绑",""
"passed","Sun Jun 26 09:11:23 CST 2022","Sun Jun 26 09:13:11 CST 2022","108140","","test_gzAndroidAuto","TestAddDevices","","","C6SP基站绑定解绑",""
"passed","Sun Jun 26 05:07:26 CST 2022","Sun Jun 26 05:09:14 CST 2022","108288","","test_gzAndroidAuto","TestAddDevices","","","C6SP基站绑定解绑",""
"passed","Sat Jun 25 19:11:51 CST 2022","Sat Jun 25 19:13:38 CST 2022","107387","","test_gzAndroidAuto","TestAddDevices","","","C6SP基站绑定解绑",""
"passed","Sun Jun 26 04:18:07 CST 2022","Sun Jun 26 04:20:00 CST 2022","113506","","test_gzAndroidAuto","TestAddDevices","","","C6SP基站绑定解绑",""
"passed","Sun Jun 26 04:21:59 CST 2022","Sun Jun 26 04:23:46 CST 2022","107750","","test_gzAndroidAuto","TestAddDevices","","","C6SP基站绑定解绑",""
"passed","Sun Jun 26 07:34:50 CST 2022","Sun Jun 26 07:36:38 CST 2022","107963","","test_gzAndroidAuto","TestAddDevices","","","C6SP基站绑定解绑",""
"passed","Sun Jun 26 05:11:22 CST 2022","Sun Jun 26 05:13:11 CST 2022","109300","","test_gzAndroidAuto","TestAddDevices","","","C6SP基站绑定解绑",""
"passed","Sun Jun 26 08:33:14 CST 2022","Sun Jun 26 08:35:02 CST 2022","108038","","test_gzAndroidAuto","TestAddDevices","","","C6SP基站绑定解绑",""
"passed","Sun Jun 26 04:10:35 CST 2022","Sun Jun 26 04:12:25 CST 2022","109843","","test_gzAndroidAuto","TestAddDevices","","","C6SP基站绑定解绑",""
"passed","Sun Jun 26 02:29:48 CST 2022","Sun Jun 26 02:31:36 CST 2022","108601","","test_gzAndroidAuto","TestAddDevices","","","C6SP基站绑定解绑",""
"passed","Sat Jun 25 23:54:36 CST 2022","Sat Jun 25 23:56:24 CST 2022","107841","","test_gzAndroidAuto","TestAddDevices","","","C6SP基站绑定解绑",""
"passed","Sun Jun 26 05:18:55 CST 2022","Sun Jun 26 05:20:43 CST 2022","108248","","test_gzAndroidAuto","TestAddDevices","","","C6SP基站绑定解绑",""
"passed","Sun Jun 26 07:00:45 CST 2022","Sun Jun 26 07:02:32 CST 2022","107061","","test_gzAndroidAuto","TestAddDevices","","","C6SP基站绑定解绑",""
"passed","Sun Jun 26 10:04:39 CST 2022","Sun Jun 26 10:06:26 CST 2022","107496","","test_gzAndroidAuto","TestAddDevices","","","C6SP基站绑定解绑",""
"passed","Sat Jun 25 20:12:11 CST 2022","Sat Jun 25 20:13:58 CST 2022","106633","","test_gzAndroidAuto","TestAddDevices","","","C6SP基站绑定解绑",""
"passed","Sun Jun 26 04:46:36 CST 2022","Sun Jun 26 04:48:24 CST 2022","108087","","test_gzAndroidAuto","TestAddDevices","","","C6SP基站绑定解绑",""
"passed","Sun Jun 26 09:34:07 CST 2022","Sun Jun 26 09:35:56 CST 2022","109793","","test_gzAndroidAuto","TestAddDevices","","","C6SP基站绑定解绑",""
"passed","Sat Jun 25 23:01:58 CST 2022","Sat Jun 25 23:03:45 CST 2022","107748","","test_gzAndroidAuto","TestAddDevices","","","C6SP基站绑定解绑",""
"passed","Sat Jun 25 22:33:52 CST 2022","Sat Jun 25 22:35:40 CST 2022","107915","","test_gzAndroidAuto","TestAddDevices","","","C6SP基站绑定解绑",""
"passed","Sun Jun 26 09:22:42 CST 2022","Sun Jun 26 09:24:32 CST 2022","110411","","test_gzAndroidAuto","TestAddDevices","","","C6SP基站绑定解绑",""
"passed","Sun Jun 26 09:45:41 CST 2022","Sun Jun 26 09:47:30 CST 2022","108164","","test_gzAndroidAuto","TestAddDevices","","","C6SP基站绑定解绑",""
"passed","Sun Jun 26 02:03:24 CST 2022","Sun Jun 26 02:05:12 CST 2022","107810","","test_gzAndroidAuto","TestAddDevices","","","C6SP基站绑定解绑",""
"passed","Sat Jun 25 21:20:10 CST 2022","Sat Jun 25 21:21:57 CST 2022","107623","","test_gzAndroidAuto","TestAddDevices","","","C6SP基站绑定解绑",""
"passed","Sat Jun 25 23:50:54 CST 2022","Sat Jun 25 23:52:40 CST 2022","106622","","test_gzAndroidAuto","TestAddDevices","","","C6SP基站绑定解绑",""
"passed","Sun Jun 26 06:09:44 CST 2022","Sun Jun 26 06:11:33 CST 2022","108617","","test_gzAndroidAuto","TestAddDevices","","","C6SP基站绑定解绑",""
"passed","Sat Jun 25 19:51:28 CST 2022","Sat Jun 25 19:53:16 CST 2022","108325","","test_gzAndroidAuto","TestAddDevices","","","C6SP基站绑定解绑",""
"passed","Sun Jun 26 09:41:40 CST 2022","Sun Jun 26 09:43:28 CST 2022","108258","","test_gzAndroidAuto","TestAddDevices","","","C6SP基站绑定解绑",""
"passed","Sun Jun 26 08:18:15 CST 2022","Sun Jun 26 08:20:02 CST 2022","106829","","test_gzAndroidAuto","TestAddDevices","","","C6SP基站绑定解绑",""
"passed","Sun Jun 26 09:39:48 CST 2022","Sun Jun 26 09:41:35 CST 2022","107566","","test_gzAndroidAuto","TestAddDevices","","","C6SP基站绑定解绑",""
"passed","Sun Jun 26 01:34:54 CST 2022","Sun Jun 26 01:36:45 CST 2022","110857","","test_gzAndroidAuto","TestAddDevices","","","C6SP基站绑定解绑",""
"passed","Sat Jun 25 23:28:20 CST 2022","Sat Jun 25 23:30:09 CST 2022","108308","","test_gzAndroidAuto","TestAddDevices","","","C6SP基站绑定解绑",""
"passed","Sat Jun 25 18:47:40 CST 2022","Sat Jun 25 18:49:24 CST 2022","103993","","test_gzAndroidAuto","TestAddDevices","","","C6SP基站绑定解绑",""
"passed","Sun Jun 26 09:32:14 CST 2022","Sun Jun 26 09:34:02 CST 2022","107891","","test_gzAndroidAuto","TestAddDevices","","","C6SP基站绑定解绑",""
"passed","Sun Jun 26 07:51:50 CST 2022","Sun Jun 26 07:53:38 CST 2022","107677","","test_gzAndroidAuto","TestAddDevices","","","C6SP基站绑定解绑",""
"passed","Sat Jun 25 20:53:34 CST 2022","Sat Jun 25 20:55:21 CST 2022","107016","","test_gzAndroidAuto","TestAddDevices","","","C6SP基站绑定解绑",""
"passed","Sun Jun 26 05:47:11 CST 2022","Sun Jun 26 05:48:59 CST 2022","107522","","test_gzAndroidAuto","TestAddDevices","","","C6SP基站绑定解绑",""
"passed","Sat Jun 25 21:54:12 CST 2022","Sat Jun 25 21:56:00 CST 2022","108408","","test_gzAndroidAuto","TestAddDevices","","","C6SP基站绑定解绑",""
"passed","Sun Jun 26 05:45:17 CST 2022","Sun Jun 26 05:47:07 CST 2022","109280","","test_gzAndroidAuto","TestAddDevices","","","C6SP基站绑定解绑",""
"passed","Sun Jun 26 04:56:02 CST 2022","Sun Jun 26 04:57:52 CST 2022","110146","","test_gzAndroidAuto","TestAddDevices","","","C6SP基站绑定解绑",""
"passed","Sun Jun 26 04:57:57 CST 2022","Sun Jun 26 04:59:46 CST 2022","108737","","test_gzAndroidAuto","TestAddDevices","","","C6SP基站绑定解绑",""
"passed","Sat Jun 25 22:45:04 CST 2022","Sat Jun 25 22:46:51 CST 2022","107021","","test_gzAndroidAuto","TestAddDevices","","","C6SP基站绑定解绑",""
"passed","Sun Jun 26 08:58:02 CST 2022","Sun Jun 26 08:59:49 CST 2022","107264","","test_gzAndroidAuto","TestAddDevices","","","C6SP基站绑定解绑",""
"passed","Sat Jun 25 22:05:37 CST 2022","Sat Jun 25 22:07:23 CST 2022","106731","","test_gzAndroidAuto","TestAddDevices","","","C6SP基站绑定解绑",""
"passed","Sun Jun 26 04:52:14 CST 2022","Sun Jun 26 04:54:04 CST 2022","110095","","test_gzAndroidAuto","TestAddDevices","","","C6SP基站绑定解绑",""
"passed","Sat Jun 25 19:02:32 CST 2022","Sat Jun 25 19:04:19 CST 2022","106989","","test_gzAndroidAuto","TestAddDevices","","","C6SP基站绑定解绑",""
"passed","Sat Jun 25 22:43:13 CST 2022","Sat Jun 25 22:44:59 CST 2022","105341","","test_gzAndroidAuto","TestAddDevices","","","C6SP基站绑定解绑",""
"passed","Sun Jun 26 05:28:19 CST 2022","Sun Jun 26 05:30:07 CST 2022","107698","","test_gzAndroidAuto","TestAddDevices","","","C6SP基站绑定解绑",""
"passed","Sun Jun 26 01:15:42 CST 2022","Sun Jun 26 01:17:46 CST 2022","123992","","test_gzAndroidAuto","TestAddDevices","","","C6SP基站绑定解绑",""
"passed","Sun Jun 26 08:08:53 CST 2022","Sun Jun 26 08:10:40 CST 2022","107910","","test_gzAndroidAuto","TestAddDevices","","","C6SP基站绑定解绑",""
"passed","Sat Jun 25 22:56:20 CST 2022","Sat Jun 25 22:58:08 CST 2022","107391","","test_gzAndroidAuto","TestAddDevices","","","C6SP基站绑定解绑",""
"passed","Sun Jun 26 05:22:40 CST 2022","Sun Jun 26 05:24:29 CST 2022","108351","","test_gzAndroidAuto","TestAddDevices","","","C6SP基站绑定解绑",""
"passed","Sun Jun 26 08:03:14 CST 2022","Sun Jun 26 08:05:02 CST 2022","108211","","test_gzAndroidAuto","TestAddDevices","","","C6SP基站绑定解绑",""
"passed","Sun Jun 26 06:55:06 CST 2022","Sun Jun 26 06:56:54 CST 2022","107996","","test_gzAndroidAuto","TestAddDevices","","","C6SP基站绑定解绑",""
"passed","Sat Jun 25 21:22:02 CST 2022","Sat Jun 25 21:23:50 CST 2022","107622","","test_gzAndroidAuto","TestAddDevices","","","C6SP基站绑定解绑",""
"passed","Sun Jun 26 01:52:03 CST 2022","Sun Jun 26 01:53:51 CST 2022","108422","","test_gzAndroidAuto","TestAddDevices","","","C6SP基站绑定解绑",""
"passed","Sat Jun 25 21:44:39 CST 2022","Sat Jun 25 21:46:30 CST 2022","110248","","test_gzAndroidAuto","TestAddDevices","","","C6SP基站绑定解绑",""
"passed","Sat Jun 25 21:10:26 CST 2022","Sat Jun 25 21:12:36 CST 2022","129922","","test_gzAndroidAuto","TestAddDevices","","","C6SP基站绑定解绑",""
"passed","Sun Jun 26 09:13:16 CST 2022","Sun Jun 26 09:15:03 CST 2022","107641","","test_gzAndroidAuto","TestAddDevices","","","C6SP基站绑定解绑",""
"passed","Sun Jun 26 07:57:31 CST 2022","Sun Jun 26 07:59:21 CST 2022","109987","","test_gzAndroidAuto","TestAddDevices","","","C6SP基站绑定解绑",""
"passed","Sat Jun 25 20:00:53 CST 2022","Sat Jun 25 20:02:40 CST 2022","107120","","test_gzAndroidAuto","TestAddDevices","","","C6SP基站绑定解绑",""
"passed","Sat Jun 25 22:15:03 CST 2022","Sat Jun 25 22:16:51 CST 2022","108203","","test_gzAndroidAuto","TestAddDevices","","","C6SP基站绑定解绑",""
"passed","Sun Jun 26 07:59:26 CST 2022","Sun Jun 26 08:01:16 CST 2022","110419","","test_gzAndroidAuto","TestAddDevices","","","C6SP基站绑定解绑",""
"passed","Sat Jun 25 23:32:08 CST 2022","Sat Jun 25 23:33:58 CST 2022","110009","","test_gzAndroidAuto","TestAddDevices","","","C6SP基站绑定解绑",""
"passed","Sun Jun 26 00:11:28 CST 2022","Sun Jun 26 00:13:12 CST 2022","103995","","test_gzAndroidAuto","TestAddDevices","","","C6SP基站绑定解绑",""
"passed","Sun Jun 26 06:49:27 CST 2022","Sun Jun 26 06:51:15 CST 2022","107633","","test_gzAndroidAuto","TestAddDevices","","","C6SP基站绑定解绑",""
"passed","Sun Jun 26 02:20:22 CST 2022","Sun Jun 26 02:22:11 CST 2022","109304","","test_gzAndroidAuto","TestAddDevices","","","C6SP基站绑定解绑",""
"passed","Sat Jun 25 18:45:52 CST 2022","Sat Jun 25 18:47:36 CST 2022","103970","","test_gzAndroidAuto","TestAddDevices","","","C6SP基站绑定解绑",""
"passed","Sun Jun 26 01:59:38 CST 2022","Sun Jun 26 02:01:26 CST 2022","108097","","test_gzAndroidAuto","TestAddDevices","","","C6SP基站绑定解绑",""
"passed","Sun Jun 26 00:18:57 CST 2022","Sun Jun 26 00:20:45 CST 2022","108235","","test_gzAndroidAuto","TestAddDevices","","","C6SP基站绑定解绑",""
"passed","Sun Jun 26 06:40:01 CST 2022","Sun Jun 26 06:41:48 CST 2022","107460","","test_gzAndroidAuto","TestAddDevices","","","C6SP基站绑定解绑",""
"passed","Sun Jun 26 04:39:06 CST 2022","Sun Jun 26 04:40:54 CST 2022","108155","","test_gzAndroidAuto","TestAddDevices","","","C6SP基站绑定解绑",""
"passed","Sun Jun 26 09:15:08 CST 2022","Sun Jun 26 09:16:58 CST 2022","109965","","test_gzAndroidAuto","TestAddDevices","","","C6SP基站绑定解绑",""
"passed","Sat Jun 25 20:02:45 CST 2022","Sat Jun 25 20:04:34 CST 2022","109072","","test_gzAndroidAuto","TestAddDevices","","","C6SP基站绑定解绑",""
"passed","Sun Jun 26 04:25:53 CST 2022","Sun Jun 26 04:27:41 CST 2022","108205","","test_gzAndroidAuto","TestAddDevices","","","C6SP基站绑定解绑",""
"passed","Sun Jun 26 05:20:48 CST 2022","Sun Jun 26 05:22:35 CST 2022","107395","","test_gzAndroidAuto","TestAddDevices","","","C6SP基站绑定解绑",""
"passed","Sun Jun 26 09:07:26 CST 2022","Sun Jun 26 09:09:15 CST 2022","109150","","test_gzAndroidAuto","TestAddDevices","","","C6SP基站绑定解绑",""
"passed","Sun Jun 26 04:54:08 CST 2022","Sun Jun 26 04:55:57 CST 2022","108868","","test_gzAndroidAuto","TestAddDevices","","","C6SP基站绑定解绑",""
"passed","Sun Jun 26 07:44:18 CST 2022","Sun Jun 26 07:46:06 CST 2022","108513","","test_gzAndroidAuto","TestAddDevices","","","C6SP基站绑定解绑",""
"passed","Sun Jun 26 05:37:44 CST 2022","Sun Jun 26 05:39:31 CST 2022","106911","","test_gzAndroidAuto","TestAddDevices","","","C6SP基站绑定解绑",""
"passed","Sun Jun 26 06:47:34 CST 2022","Sun Jun 26 06:49:22 CST 2022","108500","","test_gzAndroidAuto","TestAddDevices","","","C6SP基站绑定解绑",""
"passed","Sat Jun 25 20:34:47 CST 2022","Sat Jun 25 20:36:34 CST 2022","107380","","test_gzAndroidAuto","TestAddDevices","","","C6SP基站绑定解绑",""
"passed","Sun Jun 26 03:32:43 CST 2022","Sun Jun 26 03:34:31 CST 2022","108024","","test_gzAndroidAuto","TestAddDevices","","","C6SP基站绑定解绑",""
"passed","Sun Jun 26 01:11:55 CST 2022","Sun Jun 26 01:13:43 CST 2022","108284","","test_gzAndroidAuto","TestAddDevices","","","C6SP基站绑定解绑",""
"passed","Sat Jun 25 20:57:18 CST 2022","Sat Jun 25 20:59:05 CST 2022","106933","","test_gzAndroidAuto","TestAddDevices","","","C6SP基站绑定解绑",""
"passed","Sun Jun 26 06:02:13 CST 2022","Sun Jun 26 06:04:01 CST 2022","107981","","test_gzAndroidAuto","TestAddDevices","","","C6SP基站绑定解绑",""
"passed","Sun Jun 26 00:28:22 CST 2022","Sun Jun 26 00:30:14 CST 2022","111459","","test_gzAndroidAuto","TestAddDevices","","","C6SP基站绑定解绑",""
"passed","Sun Jun 26 05:52:49 CST 2022","Sun Jun 26 05:54:37 CST 2022","108110","","test_gzAndroidAuto","TestAddDevices","","","C6SP基站绑定解绑",""
"passed","Sat Jun 25 23:17:07 CST 2022","Sat Jun 25 23:18:54 CST 2022","107341","","test_gzAndroidAuto","TestAddDevices","","","C6SP基站绑定解绑",""
"passed","Sun Jun 26 10:08:24 CST 2022","Sun Jun 26 10:10:13 CST 2022","108752","","test_gzAndroidAuto","TestAddDevices","","","C6SP基站绑定解绑",""
"passed","Sun Jun 26 09:53:13 CST 2022","Sun Jun 26 09:55:01 CST 2022","108270","","test_gzAndroidAuto","TestAddDevices","","","C6SP基站绑定解绑",""
"passed","Sat Jun 25 19:28:46 CST 2022","Sat Jun 25 19:30:34 CST 2022","107864","","test_gzAndroidAuto","TestAddDevices","","","C6SP基站绑定解绑",""
"passed","Sun Jun 26 05:13:16 CST 2022","Sun Jun 26 05:15:06 CST 2022","110550","","test_gzAndroidAuto","TestAddDevices","","","C6SP基站绑定解绑",""
"passed","Sun Jun 26 00:56:50 CST 2022","Sun Jun 26 00:58:38 CST 2022","108382","","test_gzAndroidAuto","TestAddDevices","","","C6SP基站绑定解绑",""
"broken","Sun Jun 26 00:00:16 CST 2022","Sun Jun 26 00:02:13 CST 2022","116789","","test_gzAndroidAuto","TestAddDevices","","","C6SP基站绑定解绑",""
"passed","Sun Jun 26 01:48:09 CST 2022","Sun Jun 26 01:50:03 CST 2022","114224","","test_gzAndroidAuto","TestAddDevices","","","C6SP基站绑定解绑",""
"passed","Sun Jun 26 08:38:56 CST 2022","Sun Jun 26 08:40:45 CST 2022","109901","","test_gzAndroidAuto","TestAddDevices","","","C6SP基站绑定解绑",""
"passed","Sun Jun 26 06:17:17 CST 2022","Sun Jun 26 06:19:04 CST 2022","107138","","test_gzAndroidAuto","TestAddDevices","","","C6SP基站绑定解绑",""
"passed","Sun Jun 26 03:17:36 CST 2022","Sun Jun 26 03:19:27 CST 2022","110824","","test_gzAndroidAuto","TestAddDevices","","","C6SP基站绑定解绑",""
"passed","Sun Jun 26 01:13:48 CST 2022","Sun Jun 26 01:15:37 CST 2022","109271","","test_gzAndroidAuto","TestAddDevices","","","C6SP基站绑定解绑",""
"passed","Sun Jun 26 09:18:55 CST 2022","Sun Jun 26 09:20:44 CST 2022","108763","","test_gzAndroidAuto","TestAddDevices","","","C6SP基站绑定解绑",""
"passed","Sun Jun 26 02:33:33 CST 2022","Sun Jun 26 02:35:21 CST 2022","108488","","test_gzAndroidAuto","TestAddDevices","","","C6SP基站绑定解绑",""
"passed","Sun Jun 26 03:53:23 CST 2022","Sun Jun 26 03:55:12 CST 2022","109496","","test_gzAndroidAuto","TestAddDevices","","","C6SP基站绑定解绑",""
"passed","Sun Jun 26 08:42:52 CST 2022","Sun Jun 26 08:44:40 CST 2022","107499","","test_gzAndroidAuto","TestAddDevices","","","C6SP基站绑定解绑",""
"passed","Sat Jun 25 21:56:05 CST 2022","Sat Jun 25 21:57:54 CST 2022","109153","","test_gzAndroidAuto","TestAddDevices","","","C6SP基站绑定解绑",""
"passed","Sat Jun 25 22:28:11 CST 2022","Sat Jun 25 22:29:59 CST 2022","107597","","test_gzAndroidAuto","TestAddDevices","","","C6SP基站绑定解绑",""
"passed","Sun Jun 26 02:01:31 CST 2022","Sun Jun 26 02:03:19 CST 2022","108593","","test_gzAndroidAuto","TestAddDevices","","","C6SP基站绑定解绑",""
"passed","Sun Jun 26 07:08:17 CST 2022","Sun Jun 26 07:10:07 CST 2022","109414","","test_gzAndroidAuto","TestAddDevices","","","C6SP基站绑定解绑",""
"passed","Sun Jun 26 09:49:28 CST 2022","Sun Jun 26 09:51:16 CST 2022","108410","","test_gzAndroidAuto","TestAddDevices","","","C6SP基站绑定解绑",""
"passed","Sun Jun 26 07:53:43 CST 2022","Sun Jun 26 07:55:33 CST 2022","110232","","test_gzAndroidAuto","TestAddDevices","","","C6SP基站绑定解绑",""
"passed","Sun Jun 26 10:12:11 CST 2022","Sun Jun 26 10:14:02 CST 2022","110356","","test_gzAndroidAuto","TestAddDevices","","","C6SP基站绑定解绑",""
"passed","Sat Jun 25 20:51:43 CST 2022","Sat Jun 25 20:53:29 CST 2022","106943","","test_gzAndroidAuto","TestAddDevices","","","C6SP基站绑定解绑",""
"passed","Sun Jun 26 01:40:35 CST 2022","Sun Jun 26 01:42:24 CST 2022","108425","","test_gzAndroidAuto","TestAddDevices","","","C6SP基站绑定解绑",""
"passed","Sun Jun 26 06:30:29 CST 2022","Sun Jun 26 06:32:19 CST 2022","110387","","test_gzAndroidAuto","TestAddDevices","","","C6SP基站绑定解绑",""
"passed","Sun Jun 26 01:25:28 CST 2022","Sun Jun 26 01:27:19 CST 2022","110377","","test_gzAndroidAuto","TestAddDevices","","","C6SP基站绑定解绑",""
"passed","Sun Jun 26 04:40:59 CST 2022","Sun Jun 26 04:42:47 CST 2022","107788","","test_gzAndroidAuto","TestAddDevices","","","C6SP基站绑定解绑",""
"passed","Sun Jun 26 04:48:28 CST 2022","Sun Jun 26 04:50:16 CST 2022","107722","","test_gzAndroidAuto","TestAddDevices","","","C6SP基站绑定解绑",""
"passed","Sun Jun 26 03:25:14 CST 2022","Sun Jun 26 03:27:00 CST 2022","106611","","test_gzAndroidAuto","TestAddDevices","","","C6SP基站绑定解绑",""
"passed","Sun Jun 26 04:31:34 CST 2022","Sun Jun 26 04:33:24 CST 2022","110166","","test_gzAndroidAuto","TestAddDevices","","","C6SP基站绑定解绑",""
"passed","Sat Jun 25 20:47:53 CST 2022","Sat Jun 25 20:49:41 CST 2022","108251","","test_gzAndroidAuto","TestAddDevices","","","C6SP基站绑定解绑",""
"passed","Sat Jun 25 20:55:26 CST 2022","Sat Jun 25 20:57:13 CST 2022","107388","","test_gzAndroidAuto","TestAddDevices","","","C6SP基站绑定解绑",""
"passed","Sun Jun 26 07:10:12 CST 2022","Sun Jun 26 07:12:03 CST 2022","110980","","test_gzAndroidAuto","TestAddDevices","","","C6SP基站绑定解绑",""
"passed","Sat Jun 25 21:08:33 CST 2022","Sat Jun 25 21:10:21 CST 2022","107883","","test_gzAndroidAuto","TestAddDevices","","","C6SP基站绑定解绑",""
"passed","Sat Jun 25 22:07:28 CST 2022","Sat Jun 25 22:09:21 CST 2022","112584","","test_gzAndroidAuto","TestAddDevices","","","C6SP基站绑定解绑",""
"passed","Sat Jun 25 21:02:53 CST 2022","Sat Jun 25 21:04:41 CST 2022","108535","","test_gzAndroidAuto","TestAddDevices","","","C6SP基站绑定解绑",""
"passed","Sat Jun 25 19:08:07 CST 2022","Sat Jun 25 19:09:54 CST 2022","107242","","test_gzAndroidAuto","TestAddDevices","","","C6SP基站绑定解绑",""
"passed","Sun Jun 26 02:22:16 CST 2022","Sun Jun 26 02:24:05 CST 2022","109044","","test_gzAndroidAuto","TestAddDevices","","","C6SP基站绑定解绑",""
"passed","Sat Jun 25 22:18:48 CST 2022","Sat Jun 25 22:20:38 CST 2022","109545","","test_gzAndroidAuto","TestAddDevices","","","C6SP基站绑定解绑",""
"passed","Sun Jun 26 09:51:21 CST 2022","Sun Jun 26 09:53:08 CST 2022","107665","","test_gzAndroidAuto","TestAddDevices","","","C6SP基站绑定解绑",""
"passed","Sat Jun 25 19:59:01 CST 2022","Sat Jun 25 20:00:48 CST 2022","107357","","test_gzAndroidAuto","TestAddDevices","","","C6SP基站绑定解绑",""
"passed","Sat Jun 25 20:23:25 CST 2022","Sat Jun 25 20:25:16 CST 2022","110485","","test_gzAndroidAuto","TestAddDevices","","","C6SP基站绑定解绑",""
"passed","Sun Jun 26 05:30:11 CST 2022","Sun Jun 26 05:31:59 CST 2022","107437","","test_gzAndroidAuto","TestAddDevices","","","C6SP基站绑定解绑",""
"passed","Sun Jun 26 05:41:31 CST 2022","Sun Jun 26 05:43:19 CST 2022","108302","","test_gzAndroidAuto","TestAddDevices","","","C6SP基站绑定解绑",""
"passed","Sat Jun 25 21:42:48 CST 2022","Sat Jun 25 21:44:35 CST 2022","107021","","test_gzAndroidAuto","TestAddDevices","","","C6SP基站绑定解绑",""
"passed","Sun Jun 26 01:33:01 CST 2022","Sun Jun 26 01:34:49 CST 2022","108563","","test_gzAndroidAuto","TestAddDevices","","","C6SP基站绑定解绑",""
"passed","Sun Jun 26 07:15:56 CST 2022","Sun Jun 26 07:17:45 CST 2022","109149","","test_gzAndroidAuto","TestAddDevices","","","C6SP基站绑定解绑",""
"passed","Sun Jun 26 03:59:05 CST 2022","Sun Jun 26 04:01:00 CST 2022","115538","","test_gzAndroidAuto","TestAddDevices","","","C6SP基站绑定解绑",""
"passed","Sun Jun 26 02:56:32 CST 2022","Sun Jun 26 02:58:24 CST 2022","111289","","test_gzAndroidAuto","TestAddDevices","","","C6SP基站绑定解绑",""
"passed","Sat Jun 25 18:28:58 CST 2022","Sat Jun 25 18:30:47 CST 2022","109064","","test_gzAndroidAuto","TestAddDevices","","","C6SP基站绑定解绑",""
"passed","Sun Jun 26 07:40:32 CST 2022","Sun Jun 26 07:42:21 CST 2022","109586","","test_gzAndroidAuto","TestAddDevices","","","C6SP基站绑定解绑",""
"passed","Sun Jun 26 10:14:06 CST 2022","Sun Jun 26 10:15:57 CST 2022","110128","","test_gzAndroidAuto","TestAddDevices","","","C6SP基站绑定解绑",""
"passed","Sun Jun 26 04:44:44 CST 2022","Sun Jun 26 04:46:31 CST 2022","107163","","test_gzAndroidAuto","TestAddDevices","","","C6SP基站绑定解绑",""
"passed","Sat Jun 25 22:54:27 CST 2022","Sat Jun 25 22:56:15 CST 2022","108517","","test_gzAndroidAuto","TestAddDevices","","","C6SP基站绑定解绑",""
"passed","Sun Jun 26 04:20:05 CST 2022","Sun Jun 26 04:21:54 CST 2022","108491","","test_gzAndroidAuto","TestAddDevices","","","C6SP基站绑定解绑",""
"passed","Sun Jun 26 03:27:05 CST 2022","Sun Jun 26 03:28:53 CST 2022","108303","","test_gzAndroidAuto","TestAddDevices","","","C6SP基站绑定解绑",""
"passed","Sun Jun 26 00:24:36 CST 2022","Sun Jun 26 00:26:24 CST 2022","107998","","test_gzAndroidAuto","TestAddDevices","","","C6SP基站绑定解绑",""
"passed","Sun Jun 26 05:03:37 CST 2022","Sun Jun 26 05:05:26 CST 2022","108544","","test_gzAndroidAuto","TestAddDevices","","","C6SP基站绑定解绑",""
"passed","Sun Jun 26 09:56:59 CST 2022","Sun Jun 26 09:58:46 CST 2022","107825","","test_gzAndroidAuto","TestAddDevices","","","C6SP基站绑定解绑",""
"passed","Sat Jun 25 19:53:21 CST 2022","Sat Jun 25 19:55:09 CST 2022","107458","","test_gzAndroidAuto","TestAddDevices","","","C6SP基站绑定解绑",""
"passed","Sat Jun 25 20:49:46 CST 2022","Sat Jun 25 20:51:38 CST 2022","111993","","test_gzAndroidAuto","TestAddDevices","","","C6SP基站绑定解绑",""
"passed","Sat Jun 25 18:38:31 CST 2022","Sat Jun 25 18:40:18 CST 2022","106832","","test_gzAndroidAuto","TestAddDevices","","","C6SP基站绑定解绑",""
"passed","Sat Jun 25 19:25:01 CST 2022","Sat Jun 25 19:26:49 CST 2022","108218","","test_gzAndroidAuto","TestAddDevices","","","C6SP基站绑定解绑",""
"passed","Sun Jun 26 07:19:44 CST 2022","Sun Jun 26 07:21:32 CST 2022","107385","","test_gzAndroidAuto","TestAddDevices","","","C6SP基站绑定解绑",""
"passed","Sun Jun 26 01:23:35 CST 2022","Sun Jun 26 01:25:23 CST 2022","108375","","test_gzAndroidAuto","TestAddDevices","","","C6SP基站绑定解绑",""
"passed","Sat Jun 25 19:23:07 CST 2022","Sat Jun 25 19:24:56 CST 2022","109605","","test_gzAndroidAuto","TestAddDevices","","","C6SP基站绑定解绑",""
"passed","Sat Jun 25 19:34:28 CST 2022","Sat Jun 25 19:36:16 CST 2022","108300","","test_gzAndroidAuto","TestAddDevices","","","C6SP基站绑定解绑",""
"passed","Sun Jun 26 01:53:56 CST 2022","Sun Jun 26 01:55:45 CST 2022","108466","","test_gzAndroidAuto","TestAddDevices","","","C6SP基站绑定解绑",""
"passed","Sun Jun 26 09:55:06 CST 2022","Sun Jun 26 09:56:54 CST 2022","107584","","test_gzAndroidAuto","TestAddDevices","","","C6SP基站绑定解绑",""
"passed","Sun Jun 26 04:02:58 CST 2022","Sun Jun 26 04:04:50 CST 2022","111381","","test_gzAndroidAuto","TestAddDevices","","","C6SP基站绑定解绑",""
"passed","Sat Jun 25 22:46:55 CST 2022","Sat Jun 25 22:48:45 CST 2022","109797","","test_gzAndroidAuto","TestAddDevices","","","C6SP基站绑定解绑",""
"passed","Sun Jun 26 05:17:03 CST 2022","Sun Jun 26 05:18:50 CST 2022","107523","","test_gzAndroidAuto","TestAddDevices","","","C6SP基站绑定解绑",""
"passed","Sun Jun 26 06:22:53 CST 2022","Sun Jun 26 06:24:42 CST 2022","108813","","test_gzAndroidAuto","TestAddDevices","","","C6SP基站绑定解绑",""
"passed","Sat Jun 25 18:30:52 CST 2022","Sat Jun 25 18:32:46 CST 2022","114022","","test_gzAndroidAuto","TestAddDevices","","","C6SP基站绑定解绑",""
"passed","Sun Jun 26 07:06:25 CST 2022","Sun Jun 26 07:08:13 CST 2022","107866","","test_gzAndroidAuto","TestAddDevices","","","C6SP基站绑定解绑",""
"passed","Sun Jun 26 03:21:26 CST 2022","Sun Jun 26 03:23:14 CST 2022","107794","","test_gzAndroidAuto","TestAddDevices","","","C6SP基站绑定解绑",""
"passed","Sun Jun 26 06:34:19 CST 2022","Sun Jun 26 06:36:07 CST 2022","108267","","test_gzAndroidAuto","TestAddDevices","","","C6SP基站绑定解绑",""
"passed","Sat Jun 25 21:04:46 CST 2022","Sat Jun 25 21:06:34 CST 2022","108662","","test_gzAndroidAuto","TestAddDevices","","","C6SP基站绑定解绑",""
"passed","Sat Jun 25 23:24:33 CST 2022","Sat Jun 25 23:26:25 CST 2022","111635","","test_gzAndroidAuto","TestAddDevices","","","C6SP基站绑定解绑",""
"passed","Sat Jun 25 22:01:52 CST 2022","Sat Jun 25 22:03:40 CST 2022","107877","","test_gzAndroidAuto","TestAddDevices","","","C6SP基站绑定解绑",""
"passed","Sun Jun 26 03:51:28 CST 2022","Sun Jun 26 03:53:18 CST 2022","109426","","test_gzAndroidAuto","TestAddDevices","","","C6SP基站绑定解绑",""
"passed","Sat Jun 25 20:38:33 CST 2022","Sat Jun 25 20:40:19 CST 2022","106313","","test_gzAndroidAuto","TestAddDevices","","","C6SP基站绑定解绑",""
"passed","Sat Jun 25 23:15:14 CST 2022","Sat Jun 25 23:17:02 CST 2022","108172","","test_gzAndroidAuto","TestAddDevices","","","C6SP基站绑定解绑",""
"passed","Sun Jun 26 02:14:44 CST 2022","Sun Jun 26 02:16:32 CST 2022","107972","","test_gzAndroidAuto","TestAddDevices","","","C6SP基站绑定解绑",""
"passed","Sat Jun 25 18:27:03 CST 2022","Sat Jun 25 18:28:53 CST 2022","110405","","test_gzAndroidAuto","TestAddDevices","","","C6SP基站绑定解绑",""
"passed","Sun Jun 26 09:26:30 CST 2022","Sun Jun 26 09:28:21 CST 2022","110909","","test_gzAndroidAuto","TestAddDevices","","","C6SP基站绑定解绑",""
"passed","Sun Jun 26 04:27:46 CST 2022","Sun Jun 26 04:29:34 CST 2022","108678","","test_gzAndroidAuto","TestAddDevices","","","C6SP基站绑定解绑",""
"passed","Sun Jun 26 03:34:35 CST 2022","Sun Jun 26 03:36:23 CST 2022","107363","","test_gzAndroidAuto","TestAddDevices","","","C6SP基站绑定解绑",""
"passed","Sun Jun 26 02:10:58 CST 2022","Sun Jun 26 02:12:46 CST 2022","107981","","test_gzAndroidAuto","TestAddDevices","","","C6SP基站绑定解绑",""
"passed","Sun Jun 26 02:07:11 CST 2022","Sun Jun 26 02:09:00 CST 2022","109068","","test_gzAndroidAuto","TestAddDevices","","","C6SP基站绑定解绑",""
"passed","Sat Jun 25 18:53:11 CST 2022","Sat Jun 25 18:54:58 CST 2022","107032","","test_gzAndroidAuto","TestAddDevices","","","C6SP基站绑定解绑",""
"passed","Sat Jun 25 20:21:34 CST 2022","Sat Jun 25 20:23:20 CST 2022","106533","","test_gzAndroidAuto","TestAddDevices","","","C6SP基站绑定解绑",""
"passed","Sun Jun 26 00:39:41 CST 2022","Sun Jun 26 00:41:39 CST 2022","117974","","test_gzAndroidAuto","TestAddDevices","","","C6SP基站绑定解绑",""
"passed","Sun Jun 26 08:46:37 CST 2022","Sun Jun 26 08:48:25 CST 2022","107791","","test_gzAndroidAuto","TestAddDevices","","","C6SP基站绑定解绑",""
"passed","Sun Jun 26 08:56:08 CST 2022","Sun Jun 26 08:57:57 CST 2022","108721","","test_gzAndroidAuto","TestAddDevices","","","C6SP基站绑定解绑",""
"passed","Sun Jun 26 07:31:03 CST 2022","Sun Jun 26 07:32:53 CST 2022","109323","","test_gzAndroidAuto","TestAddDevices","","","C6SP基站绑定解绑",""
"passed","Sun Jun 26 08:20:07 CST 2022","Sun Jun 26 08:21:56 CST 2022","108932","","test_gzAndroidAuto","TestAddDevices","","","C6SP基站绑定解绑",""
"passed","Sun Jun 26 03:06:16 CST 2022","Sun Jun 26 03:08:05 CST 2022","108364","","test_gzAndroidAuto","TestAddDevices","","","C6SP基站绑定解绑",""
"passed","Sun Jun 26 06:56:59 CST 2022","Sun Jun 26 06:58:48 CST 2022","108850","","test_gzAndroidAuto","TestAddDevices","","","C6SP基站绑定解绑",""
"passed","Sat Jun 25 22:50:42 CST 2022","Sat Jun 25 22:52:30 CST 2022","107244","","test_gzAndroidAuto","TestAddDevices","","","C6SP基站绑定解绑",""
"passed","Sun Jun 26 01:17:51 CST 2022","Sun Jun 26 01:19:45 CST 2022","114591","","test_gzAndroidAuto","TestAddDevices","","","C6SP基站绑定解绑",""
"passed","Sun Jun 26 01:06:17 CST 2022","Sun Jun 26 01:08:05 CST 2022","107720","","test_gzAndroidAuto","TestAddDevices","","","C6SP基站绑定解绑",""
"passed","Sat Jun 25 23:48:59 CST 2022","Sat Jun 25 23:50:49 CST 2022","109532","","test_gzAndroidAuto","TestAddDevices","","","C6SP基站绑定解绑",""
"passed","Sun Jun 26 02:18:29 CST 2022","Sun Jun 26 02:20:17 CST 2022","108336","","test_gzAndroidAuto","TestAddDevices","","","C6SP基站绑定解绑",""
"passed","Sat Jun 25 23:58:22 CST 2022","Sun Jun 26 00:00:11 CST 2022","109365","","test_gzAndroidAuto","TestAddDevices","","","C6SP基站绑定解绑",""
"passed","Sun Jun 26 02:41:14 CST 2022","Sun Jun 26 02:43:02 CST 2022","108359","","test_gzAndroidAuto","TestAddDevices","","","C6SP基站绑定解绑",""
"passed","Sun Jun 26 04:06:47 CST 2022","Sun Jun 26 04:08:37 CST 2022","110029","","test_gzAndroidAuto","TestAddDevices","","","C6SP基站绑定解绑",""
"passed","Sun Jun 26 03:43:56 CST 2022","Sun Jun 26 03:45:45 CST 2022","109692","","test_gzAndroidAuto","TestAddDevices","","","C6SP基站绑定解绑",""
"passed","Sun Jun 26 02:31:41 CST 2022","Sun Jun 26 02:33:28 CST 2022","106676","","test_gzAndroidAuto","TestAddDevices","","","C6SP基站绑定解绑",""
"passed","Sun Jun 26 06:07:51 CST 2022","Sun Jun 26 06:09:39 CST 2022","108302","","test_gzAndroidAuto","TestAddDevices","","","C6SP基站绑定解绑",""
"passed","Sun Jun 26 01:08:10 CST 2022","Sun Jun 26 01:09:57 CST 2022","107787","","test_gzAndroidAuto","TestAddDevices","","","C6SP基站绑定解绑",""
"passed","Sun Jun 26 02:09:05 CST 2022","Sun Jun 26 02:10:53 CST 2022","108472","","test_gzAndroidAuto","TestAddDevices","","","C6SP基站绑定解绑",""
"passed","Sat Jun 25 18:34:43 CST 2022","Sat Jun 25 18:36:29 CST 2022","106733","","test_gzAndroidAuto","TestAddDevices","","","C6SP基站绑定解绑",""
"passed","Sun Jun 26 02:12:51 CST 2022","Sun Jun 26 02:14:39 CST 2022","108550","","test_gzAndroidAuto","TestAddDevices","","","C6SP基站绑定解绑",""
"passed","Sun Jun 26 00:47:25 CST 2022","Sun Jun 26 00:49:12 CST 2022","107369","","test_gzAndroidAuto","TestAddDevices","","","C6SP基站绑定解绑",""
"passed","Sun Jun 26 01:29:15 CST 2022","Sun Jun 26 01:31:04 CST 2022","109357","","test_gzAndroidAuto","TestAddDevices","","","C6SP基站绑定解绑",""
"passed","Sat Jun 25 23:26:30 CST 2022","Sat Jun 25 23:28:16 CST 2022","105977","","test_gzAndroidAuto","TestAddDevices","","","C6SP基站绑定解绑",""
"passed","Sat Jun 25 20:29:07 CST 2022","Sat Jun 25 20:30:57 CST 2022","109594","","test_gzAndroidAuto","TestAddDevices","","","C6SP基站绑定解绑",""
"passed","Sat Jun 25 22:22:33 CST 2022","Sat Jun 25 22:24:21 CST 2022","107730","","test_gzAndroidAuto","TestAddDevices","","","C6SP基站绑定解绑",""
"passed","Sun Jun 26 08:16:23 CST 2022","Sun Jun 26 08:18:10 CST 2022","107556","","test_gzAndroidAuto","TestAddDevices","","","C6SP基站绑定解绑",""
"passed","Sat Jun 25 23:47:07 CST 2022","Sat Jun 25 23:48:55 CST 2022","107755","","test_gzAndroidAuto","TestAddDevices","","","C6SP基站绑定解绑",""
"passed","Sun Jun 26 08:07:00 CST 2022","Sun Jun 26 08:08:48 CST 2022","107640","","test_gzAndroidAuto","TestAddDevices","","","C6SP基站绑定解绑",""
"passed","Sun Jun 26 02:27:55 CST 2022","Sun Jun 26 02:29:43 CST 2022","108346","","test_gzAndroidAuto","TestAddDevices","","","C6SP基站绑定解绑",""
"passed","Sun Jun 26 02:16:37 CST 2022","Sun Jun 26 02:18:24 CST 2022","107233","","test_gzAndroidAuto","TestAddDevices","","","C6SP基站绑定解绑",""
"passed","Sun Jun 26 07:48:03 CST 2022","Sun Jun 26 07:49:53 CST 2022","109944","","test_gzAndroidAuto","TestAddDevices","","","C6SP基站绑定解绑",""
"passed","Sat Jun 25 19:21:14 CST 2022","Sat Jun 25 19:23:02 CST 2022","107409","","test_gzAndroidAuto","TestAddDevices","","","C6SP基站绑定解绑",""
"passed","Sun Jun 26 01:04:24 CST 2022","Sun Jun 26 01:06:12 CST 2022","108137","","test_gzAndroidAuto","TestAddDevices","","","C6SP基站绑定解绑",""
"passed","Sun Jun 26 07:17:50 CST 2022","Sun Jun 26 07:19:40 CST 2022","109591","","test_gzAndroidAuto","TestAddDevices","","","C6SP基站绑定解绑",""
"passed","Sun Jun 26 02:52:44 CST 2022","Sun Jun 26 02:54:34 CST 2022","109787","","test_gzAndroidAuto","TestAddDevices","","","C6SP基站绑定解绑",""
"passed","Sat Jun 25 20:04:38 CST 2022","Sat Jun 25 20:06:27 CST 2022","108648","","test_gzAndroidAuto","TestAddDevices","","","C6SP基站绑定解绑",""
"passed","Sun Jun 26 06:28:35 CST 2022","Sun Jun 26 06:30:24 CST 2022","109096","","test_gzAndroidAuto","TestAddDevices","","","C6SP基站绑定解绑",""
"passed","Sun Jun 26 01:38:43 CST 2022","Sun Jun 26 01:40:31 CST 2022","107497","","test_gzAndroidAuto","TestAddDevices","","","C6SP基站绑定解绑",""
"passed","Sat Jun 25 20:17:48 CST 2022","Sat Jun 25 20:19:35 CST 2022","107488","","test_gzAndroidAuto","TestAddDevices","","","C6SP基站绑定解绑",""
"passed","Sun Jun 26 01:19:50 CST 2022","Sun Jun 26 01:21:38 CST 2022","107534","","test_gzAndroidAuto","TestAddDevices","","","C6SP基站绑定解绑",""
"passed","Sat Jun 25 20:42:17 CST 2022","Sat Jun 25 20:44:04 CST 2022","106550","","test_gzAndroidAuto","TestAddDevices","","","C6SP基站绑定解绑",""
"passed","Sun Jun 26 05:49:04 CST 2022","Sun Jun 26 05:50:52 CST 2022","108334","","test_gzAndroidAuto","TestAddDevices","","","C6SP基站绑定解绑",""
"passed","Sat Jun 25 20:15:55 CST 2022","Sat Jun 25 20:17:43 CST 2022","107999","","test_gzAndroidAuto","TestAddDevices","","","C6SP基站绑定解绑",""
"passed","Sat Jun 25 21:46:35 CST 2022","Sat Jun 25 21:48:22 CST 2022","107753","","test_gzAndroidAuto","TestAddDevices","","","C6SP基站绑定解绑",""
"passed","Sun Jun 26 03:45:50 CST 2022","Sun Jun 26 03:47:37 CST 2022","107343","","test_gzAndroidAuto","TestAddDevices","","","C6SP基站绑定解绑",""
"passed","Sat Jun 25 22:41:22 CST 2022","Sat Jun 25 22:43:09 CST 2022","107109","","test_gzAndroidAuto","TestAddDevices","","","C6SP基站绑定解绑",""
"passed","Sun Jun 26 08:10:45 CST 2022","Sun Jun 26 08:12:32 CST 2022","107325","","test_gzAndroidAuto","TestAddDevices","","","C6SP基站绑定解绑",""
"passed","Sat Jun 25 21:35:13 CST 2022","Sat Jun 25 21:37:03 CST 2022","110245","","test_gzAndroidAuto","TestAddDevices","","","C6SP基站绑定解绑",""
"passed","Sun Jun 26 01:00:37 CST 2022","Sun Jun 26 01:02:25 CST 2022","108004","","test_gzAndroidAuto","TestAddDevices","","","C6SP基站绑定解绑",""
"passed","Sun Jun 26 05:05:31 CST 2022","Sun Jun 26 05:07:21 CST 2022","110418","","test_gzAndroidAuto","TestAddDevices","","","C6SP基站绑定解绑",""
"passed","Sat Jun 25 21:33:22 CST 2022","Sat Jun 25 21:35:08 CST 2022","106690","","test_gzAndroidAuto","TestAddDevices","","","C6SP基站绑定解绑",""
"passed","Sun Jun 26 09:17:03 CST 2022","Sun Jun 26 09:18:51 CST 2022","107944","","test_gzAndroidAuto","TestAddDevices","","","C6SP基站绑定解绑",""
"passed","Sun Jun 26 08:40:50 CST 2022","Sun Jun 26 08:42:47 CST 2022","117156","","test_gzAndroidAuto","TestAddDevices","","","C6SP基站绑定解绑",""
"passed","Sat Jun 25 18:23:20 CST 2022","Sat Jun 25 18:25:05 CST 2022","104979","","test_gzAndroidAuto","TestAddDevices","","","C6SP基站绑定解绑",""
"passed","Sun Jun 26 10:10:17 CST 2022","Sun Jun 26 10:12:07 CST 2022","109180","","test_gzAndroidAuto","TestAddDevices","","","C6SP基站绑定解绑",""
"passed","Sun Jun 26 02:37:24 CST 2022","Sun Jun 26 02:39:15 CST 2022","110671","","test_gzAndroidAuto","TestAddDevices","","","C6SP基站绑定解绑",""
"passed","Sat Jun 25 21:52:13 CST 2022","Sat Jun 25 21:54:07 CST 2022","114271","","test_gzAndroidAuto","TestAddDevices","","","C6SP基站绑定解绑",""
"passed","Sun Jun 26 08:27:37 CST 2022","Sun Jun 26 08:29:24 CST 2022","107579","","test_gzAndroidAuto","TestAddDevices","","","C6SP基站绑定解绑",""
"passed","Sun Jun 26 04:42:51 CST 2022","Sun Jun 26 04:44:39 CST 2022","107693","","test_gzAndroidAuto","TestAddDevices","","","C6SP基站绑定解绑",""
"passed","Sun Jun 26 04:12:30 CST 2022","Sun Jun 26 04:14:17 CST 2022","107527","","test_gzAndroidAuto","TestAddDevices","","","C6SP基站绑定解绑",""
"passed","Sun Jun 26 06:05:58 CST 2022","Sun Jun 26 06:07:46 CST 2022","108687","","test_gzAndroidAuto","TestAddDevices","","","C6SP基站绑定解绑",""
"passed","Sun Jun 26 01:36:50 CST 2022","Sun Jun 26 01:38:38 CST 2022","108742","","test_gzAndroidAuto","TestAddDevices","","","C6SP基站绑定解绑",""
"passed","Sat Jun 25 19:57:07 CST 2022","Sat Jun 25 19:58:56 CST 2022","108887","","test_gzAndroidAuto","TestAddDevices","","","C6SP基站绑定解绑",""
"passed","Sat Jun 25 23:13:19 CST 2022","Sat Jun 25 23:15:09 CST 2022","110097","","test_gzAndroidAuto","TestAddDevices","","","C6SP基站绑定解绑",""
"passed","Sat Jun 25 21:50:20 CST 2022","Sat Jun 25 21:52:08 CST 2022","108313","","test_gzAndroidAuto","TestAddDevices","","","C6SP基站绑定解绑",""
"passed","Sun Jun 26 08:01:21 CST 2022","Sun Jun 26 08:03:09 CST 2022","108576","","test_gzAndroidAuto","TestAddDevices","","","C6SP基站绑定解绑",""
"passed","Sun Jun 26 00:30:18 CST 2022","Sun Jun 26 00:32:09 CST 2022","110356","","test_gzAndroidAuto","TestAddDevices","","","C6SP基站绑定解绑",""
"passed","Sun Jun 26 06:13:30 CST 2022","Sun Jun 26 06:15:20 CST 2022","110839","","test_gzAndroidAuto","TestAddDevices","","","C6SP基站绑定解绑",""
"passed","Sun Jun 26 06:51:20 CST 2022","Sun Jun 26 06:53:08 CST 2022","108429","","test_gzAndroidAuto","TestAddDevices","","","C6SP基站绑定解绑",""
"passed","Sat Jun 25 23:18:59 CST 2022","Sat Jun 25 23:20:46 CST 2022","106761","","test_gzAndroidAuto","TestAddDevices","","","C6SP基站绑定解绑",""
"passed","Sun Jun 26 04:14:22 CST 2022","Sun Jun 26 04:16:09 CST 2022","107419","","test_gzAndroidAuto","TestAddDevices","","","C6SP基站绑定解绑",""
"passed","Sat Jun 25 22:52:34 CST 2022","Sat Jun 25 22:54:22 CST 2022","107823","","test_gzAndroidAuto","TestAddDevices","","","C6SP基站绑定解绑",""
"passed","Sat Jun 25 19:00:40 CST 2022","Sat Jun 25 19:02:27 CST 2022","107277","","test_gzAndroidAuto","TestAddDevices","","","C6SP基站绑定解绑",""
"passed","Sun Jun 26 00:54:57 CST 2022","Sun Jun 26 00:56:45 CST 2022","107969","","test_gzAndroidAuto","TestAddDevices","","","C6SP基站绑定解绑",""
"passed","Sun Jun 26 03:02:30 CST 2022","Sun Jun 26 03:04:19 CST 2022","108384","","test_gzAndroidAuto","TestAddDevices","","","C6SP基站绑定解绑",""
"passed","Sat Jun 25 21:31:29 CST 2022","Sat Jun 25 21:33:17 CST 2022","107457","","test_gzAndroidAuto","TestAddDevices","","","C6SP基站绑定解绑",""
"passed","Sat Jun 25 23:30:13 CST 2022","Sat Jun 25 23:32:03 CST 2022","109945","","test_gzAndroidAuto","TestAddDevices","","","C6SP基站绑定解绑",""
"passed","Sun Jun 26 09:03:39 CST 2022","Sun Jun 26 09:05:28 CST 2022","109039","","test_gzAndroidAuto","TestAddDevices","","","C6SP基站绑定解绑",""
